,X,Y,FFMC,DMC,DC,ISI,temp,RH,wind,rain,fall,spring,summer,winter,weekday,weekend,area
0,0.75,0.4285714285714285,0.7816593886462884,0.08238144686742817,0.10132520229858098,0.210762331838565,0.19292604501607719,0.42857142857142855,0.7000000000000001,0.0,0.0,1.0,0.0,0.0,1.0,0.0,0.0
1,0.75,0.2857142857142857,0.8777292576419213,0.11422637590861888,0.7754192564794183,0.2825112107623318,0.5080385852090032,0.2142857142857143,0.055555555555555546,0.0,1.0,0.0,0.0,0.0,1.0,0.0,0.0
2,0.75,0.2857142857142857,0.8777292576419213,0.14295604015230182,0.7962941245455611,0.2825112107623318,0.39871382636655955,0.2142857142857143,0.09999999999999998,0.0,1.0,0.0,0.0,0.0,0.0,1.0,0.0
3,0.875,0.5714285714285714,0.9017467248908297,0.10695742471443404,0.08162307962941247,0.38565022421524664,0.1961414790996785,0.976190476190476,0.39999999999999997,0.14285714285714288,0.0,1.0,0.0,0.0,1.0,0.0,0.0
4,0.875,0.5714285714285714,0.8493449781659388,0.16926272066458978,0.1105898909346781,0.41255605381165916,0.29581993569131837,1.0,0.15555555555555553,0.0,0.0,1.0,0.0,0.0,0.0,1.0,0.0
5,0.875,0.5714285714285714,0.9148471615720521,0.2869505019037729,0.5630350650873696,0.6412556053811658,0.6430868167202572,0.16666666666666669,0.5555555555555556,0.0,0.0,0.0,1.0,0.0,0.0,1.0,0.0
6,0.875,0.5714285714285714,0.9148471615720521,0.29941156109380407,0.5719479301043744,0.3632286995515695,0.7041800643086817,0.14285714285714285,0.3,0.0,0.0,0.0,1.0,0.0,1.0,0.0,0.0
7,0.875,0.5714285714285714,0.8973799126637554,0.49498096227068183,0.7039990618036825,0.4618834080717488,0.18649517684887462,0.8452380952380951,0.2,0.0,0.0,0.0,1.0,0.0,1.0,0.0,0.0
8,0.875,0.5714285714285714,0.8864628820960698,0.4399446175147109,0.8029787733083148,0.2959641255605381,0.35048231511254024,0.5714285714285714,0.5555555555555556,0.0,1.0,0.0,0.0,0.0,1.0,0.0,0.0
9,0.75,0.4285714285714285,0.9192139737991267,0.2962962962962963,0.8100152456901607,0.3004484304932735,0.662379421221865,0.2976190476190476,0.39999999999999997,0.0,1.0,0.0,0.0,0.0,0.0,1.0,0.0
10,0.75,0.4285714285714285,0.9192139737991267,0.2962962962962963,0.8100152456901607,0.3004484304932735,0.5016077170418007,0.42857142857142855,0.7555555555555555,0.0,1.0,0.0,0.0,0.0,0.0,1.0,0.0
11,0.75,0.4285714285714285,0.9257641921397379,0.24506749740394598,0.8269027794065908,0.9955156950672646,0.54983922829582,0.2738095238095238,0.39999999999999997,0.0,1.0,0.0,0.0,0.0,0.0,1.0,0.0
12,0.625,0.4285714285714285,0.2860262008733625,0.23676012461059184,0.7709628239709159,0.017937219730941704,0.47588424437299043,0.6785714285714286,0.7000000000000001,0.0,0.0,0.0,1.0,0.0,1.0,0.0,0.0
13,0.625,0.4285714285714285,0.884279475982533,0.42956040152301833,0.7958250263867714,0.2959641255605381,0.6141479099678457,0.32142857142857145,0.2,0.0,1.0,0.0,0.0,0.0,1.0,0.0,0.0
14,0.625,0.4285714285714285,0.9279475982532754,0.453097957770855,0.811187991087135,0.39461883408071746,0.7781350482315113,0.07142857142857145,0.45555555555555555,0.0,1.0,0.0,0.0,0.0,1.0,0.0,0.0
15,0.625,0.4285714285714285,0.9366812227074237,0.4804430598823121,0.8279582502638677,0.6053811659192825,0.6655948553054662,0.3452380952380952,0.5555555555555556,0.0,1.0,0.0,0.0,0.0,1.0,0.0,0.0
16,0.5,0.4285714285714285,0.9017467248908297,0.11561093804084456,0.0854931394394277,0.3318385650224215,0.414790996784566,0.14285714285714285,0.5555555555555556,0.0,0.0,1.0,0.0,0.0,0.0,1.0,0.0
17,0.875,0.4285714285714285,0.7532751091703058,0.10522672204915194,0.7696728040342442,0.11659192825112108,0.46623794212218655,0.380952380952381,0.5000000000000001,0.0,1.0,0.0,0.0,0.0,1.0,0.0,0.0
18,0.625,0.2857142857142857,0.8471615720524017,0.08826583592938732,0.07376568546968454,0.2645739910313901,0.4405144694533763,0.23809523809523808,0.39999999999999997,0.0,0.0,1.0,0.0,0.0,1.0,0.0,0.0
19,0.625,0.2857142857142857,0.7838427947598252,0.08653513326410521,0.10460888941010907,0.210762331838565,0.22829581993569137,0.3452380952380952,0.45555555555555555,0.0,0.0,1.0,0.0,0.0,0.0,1.0,0.0
20,0.625,0.2857142857142857,0.8864628820960698,0.4399446175147109,0.8029787733083148,0.2959641255605381,0.5176848874598072,0.2976190476190476,0.25555555555555554,0.0,1.0,0.0,0.0,0.0,1.0,0.0,0.0
21,0.5,0.2857142857142857,0.9039301310043668,0.2634129456559363,0.8401548023924006,0.39461883408071746,0.5434083601286175,0.2738095238095238,0.25555555555555554,0.0,1.0,0.0,0.0,0.0,1.0,0.0,0.0
23,0.75,0.2857142857142857,0.8689956331877731,0.3755624783662167,0.6209686876979008,0.2600896860986547,0.5562700964630225,0.3333333333333333,0.6,0.0,0.0,0.0,1.0,0.0,0.0,1.0,0.0
24,0.75,0.2857142857142857,0.9410480349344978,0.47421253028729665,0.6875806262460421,0.8923766816143497,0.6913183279742765,0.20238095238095238,0.6,0.0,0.0,0.0,1.0,0.0,0.0,1.0,0.0
25,0.75,0.2857142857142857,0.8951965065502185,0.48459674627898924,0.6960243931042571,0.45739910313901344,0.45337620578778143,0.5357142857142856,0.5555555555555556,0.0,0.0,0.0,1.0,0.0,0.0,1.0,0.0
26,0.75,0.2857142857142857,0.9170305676855897,0.39979231568016615,0.7741292365427466,0.5291479820627801,0.5401929260450162,0.22619047619047622,0.6,0.0,1.0,0.0,0.0,0.0,1.0,0.0,0.0
27,0.75,0.2857142857142857,0.884279475982533,0.42956040152301833,0.7958250263867714,0.2959641255605381,0.5530546623794212,0.39285714285714285,0.09999999999999998,0.0,1.0,0.0,0.0,0.0,1.0,0.0,0.0
28,0.625,0.14285714285714285,0.9388646288209608,0.49498096227068183,0.8367538407411751,0.34529147982062774,0.9003215434083602,0.10714285714285715,0.25555555555555554,0.0,1.0,0.0,0.0,0.0,0.0,1.0,0.0
29,0.625,0.14285714285714285,0.9410480349344978,0.5084804430598823,0.8451976075993902,0.34529147982062774,0.662379421221865,0.2857142857142857,0.3555555555555555,0.0,1.0,0.0,0.0,0.0,0.0,1.0,0.0
30,0.625,0.14285714285714285,0.9585152838427948,0.28625822083766006,0.8026269496892224,0.6950672645739909,0.7459807073954985,0.10714285714285715,0.3555555555555555,0.0,1.0,0.0,0.0,0.0,1.0,0.0,0.0
31,0.625,0.14285714285714285,0.8340611353711789,0.3094496365524403,0.8232672686759704,0.3004484304932735,0.28938906752411575,0.75,0.7999999999999999,0.0,1.0,0.0,0.0,0.0,1.0,0.0,0.0
32,0.625,0.14285714285714285,0.8340611353711789,0.23295257874697126,0.81963175794535,0.24215246636771298,0.5916398713826367,0.2619047619047619,0.15555555555555553,0.0,1.0,0.0,0.0,0.0,1.0,0.0,0.0
33,0.625,0.14285714285714285,0.9017467248908297,0.2533748701973001,0.8331183300105547,0.3318385650224215,0.49839228295819943,0.2857142857142857,0.3555555555555555,0.0,1.0,0.0,0.0,0.0,0.0,1.0,0.0
34,0.625,0.14285714285714285,0.9039301310043668,0.2634129456559363,0.8401548023924006,0.39461883408071746,0.6109324758842445,0.20238095238095238,0.25555555555555554,0.0,1.0,0.0,0.0,0.0,1.0,0.0,0.0
35,0.625,0.14285714285714285,0.8711790393013099,0.27102803738317754,0.8470740002345492,0.2645739910313901,0.5144694533762058,0.5595238095238095,0.45555555555555555,0.0,1.0,0.0,0.0,0.0,1.0,0.0,0.0
36,0.625,0.14285714285714285,0.8777292576419213,0.11422637590861888,0.7754192564794183,0.2825112107623318,0.627009646302251,0.10714285714285715,0.45555555555555555,0.0,1.0,0.0,0.0,0.0,1.0,0.0,0.0
37,0.75,0.2857142857142857,0.8646288209606987,0.13534094842506056,0.7912513193385716,0.3721973094170403,0.2926045016077171,0.5357142857142856,0.5555555555555556,0.0,1.0,0.0,0.0,0.0,1.0,0.0,0.0
38,0.75,0.14285714285714285,0.8777292576419213,0.14295604015230182,0.7962941245455611,0.2825112107623318,0.5016077170418007,0.14285714285714285,0.39999999999999997,0.0,1.0,0.0,0.0,0.0,0.0,1.0,0.0
39,0.375,0.2857142857142857,0.8231441048034933,0.08065074420214606,0.07001290019936672,0.15246636771300448,0.3826366559485531,0.3333333333333333,0.25555555555555554,0.0,0.0,1.0,0.0,0.0,1.0,0.0,0.0
40,0.375,0.2857142857142857,0.6353711790393013,0.20145379023883694,0.4207810484343849,0.04932735426008969,0.6784565916398715,0.2619047619047619,0.3,0.0,0.0,0.0,1.0,0.0,1.0,0.0,0.0
41,0.375,0.2857142857142857,0.8689956331877731,0.32710280373831774,0.7227629881552716,0.3811659192825112,0.5209003215434085,0.32142857142857145,0.7000000000000001,0.0,0.0,0.0,1.0,0.0,0.0,1.0,0.0
42,0.375,0.2857142857142857,0.9694323144104802,0.3665628245067497,0.7496188577459835,0.7443946188340806,0.4630225080385853,0.46428571428571425,0.5555555555555556,0.0,0.0,0.0,1.0,0.0,1.0,0.0,0.0
43,0.375,0.2857142857142857,0.9192139737991267,0.2962962962962963,0.8100152456901607,0.3004484304932735,0.559485530546624,0.39285714285714285,0.25555555555555554,0.0,1.0,0.0,0.0,0.0,0.0,1.0,0.0
44,0.375,0.2857142857142857,0.8668122270742358,0.27864312911041883,0.8535240999179079,0.2600896860986547,0.3440514469453377,0.7023809523809523,0.5000000000000001,0.0,1.0,0.0,0.0,0.0,1.0,0.0,0.0
45,0.5,0.5714285714285714,0.9585152838427948,0.28625822083766006,0.8026269496892224,0.6950672645739909,0.762057877813505,0.10714285714285715,0.39999999999999997,0.0,1.0,0.0,0.0,0.0,1.0,0.0,0.0
46,0.5,0.5714285714285714,0.884279475982533,0.42956040152301833,0.7958250263867714,0.2959641255605381,0.4019292604501608,0.6547619047619047,0.3555555555555555,0.0,1.0,0.0,0.0,0.0,1.0,0.0,0.0
47,0.625,0.5714285714285714,0.9563318777292578,0.20733817930079607,0.5101442476838278,0.47533632286995514,0.6688102893890677,0.25,0.3,0.0,0.0,0.0,1.0,0.0,1.0,0.0,0.0
48,0.375,0.2857142857142857,0.8034934497816595,0.07442021460713048,0.06661193854814121,0.16591928251121074,0.30868167202572355,0.23809523809523808,0.15555555555555553,0.0,0.0,1.0,0.0,0.0,1.0,0.0,0.0
49,0.375,0.2857142857142857,0.8122270742358078,0.1723779854620976,0.112466283569837,0.20627802690582958,0.28295819935691324,0.369047619047619,0.6,0.0,0.0,1.0,0.0,0.0,1.0,0.0,0.0
50,0.375,0.2857142857142857,0.9279475982532754,0.4659051574939425,0.8191626597865603,0.39461883408071746,0.5980707395498392,0.023809523809523836,0.09999999999999998,0.0,1.0,0.0,0.0,0.0,1.0,0.0,0.0
51,0.375,0.14285714285714285,0.8689956331877731,0.3364485981308411,0.7309722059340918,0.2645739910313901,0.6205787781350482,0.22619047619047622,0.2,0.0,0.0,0.0,1.0,0.0,0.0,1.0,0.0
52,0.375,0.14285714285714285,0.910480349344978,0.3766008999653859,0.7578280755248036,0.41255605381165916,0.5852090032154342,0.32142857142857145,0.5000000000000001,0.0,0.0,0.0,1.0,0.0,1.0,0.0,0.0
53,0.375,0.14285714285714285,0.910480349344978,0.3766008999653859,0.7578280755248036,0.41255605381165916,0.5852090032154342,0.32142857142857145,0.5000000000000001,0.0,0.0,0.0,1.0,0.0,1.0,0.0,0.0
54,0.375,0.14285714285714285,0.9017467248908297,0.38733125649013495,0.7662718423830186,0.2645739910313901,0.4951768488745982,0.35714285714285715,0.3555555555555555,0.0,0.0,0.0,1.0,0.0,1.0,0.0,0.0
55,0.375,0.14285714285714285,0.9279475982532754,0.4659051574939425,0.8191626597865603,0.39461883408071746,0.819935691318328,0.10714285714285715,0.2,0.0,1.0,0.0,0.0,0.0,1.0,0.0,0.0
56,0.375,0.14285714285714285,0.8711790393013099,0.27102803738317754,0.8470740002345492,0.2645739910313901,0.5016077170418007,0.5714285714285714,0.5000000000000001,0.0,1.0,0.0,0.0,0.0,1.0,0.0,0.0
57,0.375,0.14285714285714285,0.9213973799126638,0.15264797507788158,0.8020405769907353,0.3766816143497758,0.37299035369774924,0.4166666666666667,0.25555555555555554,0.0,1.0,0.0,0.0,0.0,0.0,1.0,0.0
58,0.125,0.0,0.7336244541484715,0.023883696780893048,0.03060865486102967,0.07623318385650224,0.37620578778135055,0.2976190476190476,0.5555555555555556,0.0,0.0,0.0,0.0,1.0,1.0,0.0,0.0
59,0.125,0.0,0.7903930131004366,0.037383177570093455,0.04116336343379852,0.21973094170403587,0.32475884244373,0.42857142857142855,0.055555555555555546,0.0,0.0,0.0,0.0,1.0,1.0,0.0,0.0
60,0.125,0.0,0.8493449781659388,0.16926272066458978,0.1105898909346781,0.41255605381165916,0.2990353697749197,0.2857142857142857,0.6,0.0,0.0,1.0,0.0,0.0,0.0,1.0,0.0
61,0.125,0.0,0.8493449781659388,0.16926272066458978,0.1105898909346781,0.41255605381165916,0.10610932475884247,0.5238095238095237,0.6555555555555556,0.0,0.0,1.0,0.0,0.0,0.0,1.0,0.0
62,0.125,0.0,0.9301310043668121,0.2523364485981308,0.5379383135921192,0.3273542600896861,0.5337620578778135,0.23809523809523808,0.5000000000000001,0.0,0.0,0.0,1.0,0.0,1.0,0.0,0.0
63,0.125,0.0,0.8689956331877731,0.3364485981308411,0.7309722059340918,0.2645739910313901,0.5980707395498392,0.2142857142857143,0.25555555555555554,0.0,0.0,0.0,1.0,0.0,0.0,1.0,0.0
64,0.125,0.0,0.8886462882096069,0.34890965732087226,0.7398850709510965,0.24215246636771298,0.672025723472669,0.19047619047619047,0.3,0.0,0.0,0.0,1.0,0.0,1.0,0.0,0.0
65,0.125,0.0,0.9017467248908297,0.38733125649013495,0.7662718423830186,0.2645739910313901,0.527331189710611,0.3452380952380952,0.45555555555555555,0.0,0.0,0.0,1.0,0.0,1.0,0.0,0.0
66,0.125,0.0,0.9170305676855897,0.39979231568016615,0.7741292365427466,0.5291479820627801,0.6688102893890677,0.2619047619047619,0.45555555555555555,0.0,1.0,0.0,0.0,0.0,1.0,0.0,0.0
67,0.125,0.0,0.9170305676855897,0.39979231568016615,0.7741292365427466,0.5291479820627801,0.559485530546624,0.2142857142857143,0.5555555555555556,0.0,1.0,0.0,0.0,0.0,1.0,0.0,0.0
68,0.125,0.0,0.9170305676855897,0.39979231568016615,0.7741292365427466,0.5291479820627801,0.559485530546624,0.2142857142857143,0.6555555555555556,0.0,1.0,0.0,0.0,0.0,1.0,0.0,0.0
69,0.375,0.4285714285714285,0.9017467248908297,0.10695742471443404,0.08162307962941247,0.38565022421524664,0.48231511254019294,0.130952380952381,0.45555555555555555,0.0,0.0,1.0,0.0,0.0,1.0,0.0,0.0
70,0.375,0.4285714285714285,0.8908296943231442,0.15887850467289716,0.1054298111879911,0.5426008968609864,0.43729903536977505,0.14285714285714285,0.7999999999999999,0.0,0.0,1.0,0.0,0.0,1.0,0.0,0.0
71,0.375,0.4285714285714285,0.9585152838427948,0.28625822083766006,0.8026269496892224,0.6950672645739909,0.49839228295819943,0.2619047619047619,0.3555555555555555,0.0,1.0,0.0,0.0,0.0,1.0,0.0,0.0
72,0.5,0.2857142857142857,0.9017467248908297,0.10695742471443404,0.08162307962941247,0.38565022421524664,0.4308681672025724,0.11904761904761907,0.6555555555555556,0.0,0.0,1.0,0.0,0.0,1.0,0.0,0.0
73,0.5,0.2857142857142857,0.8384279475982532,0.5015576323987538,0.7113873578046207,0.38565022421524664,0.4855305466237943,0.3333333333333333,0.45555555555555555,0.0,0.0,0.0,1.0,0.0,1.0,0.0,0.0
74,0.5,0.2857142857142857,0.9366812227074237,0.4804430598823121,0.8279582502638677,0.6053811659192825,0.8167202572347267,0.17857142857142855,0.09999999999999998,0.0,1.0,0.0,0.0,0.0,1.0,0.0,0.0
75,1.0,0.9999999999999999,0.7379912663755459,0.015230183454482517,0.02193033892341973,0.3273542600896861,0.1446945337620579,0.7619047619047619,0.3,0.0,0.0,0.0,0.0,1.0,1.0,0.0,0.0
76,1.0,0.9999999999999999,0.7903930131004366,0.037383177570093455,0.04116336343379852,0.21973094170403587,0.4340836012861737,0.3333333333333333,0.3,0.0,0.0,0.0,0.0,1.0,1.0,0.0,0.0
77,0.0,0.14285714285714285,0.8122270742358078,0.1723779854620976,0.112466283569837,0.20627802690582958,0.1961414790996785,0.6785714285714286,0.3,0.0,0.0,1.0,0.0,0.0,1.0,0.0,0.0
78,0.0,0.0,0.8668122270742358,0.3655244029075804,0.612055822680896,0.5426008968609864,0.4019292604501608,0.6071428571428572,0.25555555555555554,0.0,0.0,0.0,1.0,0.0,1.0,0.0,0.0
79,0.0,0.0,0.8864628820960698,0.411214953271028,0.6493491263046793,0.2959641255605381,0.6237942122186497,0.047619047619047616,0.7000000000000001,0.0,0.0,0.0,1.0,0.0,1.0,0.0,0.0
80,0.0,0.0,0.8951965065502185,0.48459674627898924,0.6960243931042571,0.45739910313901344,0.5562700964630225,0.2857142857142857,0.6555555555555556,0.0,0.0,0.0,1.0,0.0,0.0,1.0,0.0
81,0.0,0.0,0.8689956331877731,0.3364485981308411,0.7309722059340918,0.2645739910313901,0.504823151125402,0.3452380952380952,0.2,0.0,0.0,0.0,1.0,0.0,0.0,1.0,0.0
82,0.0,0.0,0.9694323144104802,0.3665628245067497,0.7496188577459835,0.7443946188340806,0.527331189710611,0.42857142857142855,0.45555555555555555,0.0,0.0,0.0,1.0,0.0,1.0,0.0,0.0
83,0.0,0.0,0.910480349344978,0.3766008999653859,0.7578280755248036,0.41255605381165916,0.4630225080385853,0.380952380952381,0.055555555555555546,0.0,0.0,0.0,1.0,0.0,1.0,0.0,0.0
84,0.0,0.0,0.9017467248908297,0.38733125649013495,0.7662718423830186,0.2645739910313901,0.5787781350482315,0.35714285714285715,0.3555555555555555,0.0,0.0,0.0,1.0,0.0,1.0,0.0,0.0
85,0.0,0.0,0.9279475982532754,0.4659051574939425,0.8191626597865603,0.39461883408071746,0.6205787781350482,0.0,0.055555555555555546,0.0,1.0,0.0,0.0,0.0,1.0,0.0,0.0
86,0.0,0.0,0.9279475982532754,0.4659051574939425,0.8191626597865603,0.39461883408071746,0.7459807073954985,0.14285714285714285,0.2,0.0,1.0,0.0,0.0,0.0,1.0,0.0,0.0
87,0.0,0.0,0.9279475982532754,0.4659051574939425,0.8191626597865603,0.39461883408071746,0.6495176848874598,0.22619047619047622,0.2,0.0,1.0,0.0,0.0,0.0,1.0,0.0,0.0
88,0.0,0.0,0.9410480349344978,0.5084804430598823,0.8451976075993902,0.34529147982062774,0.7427652733118972,0.25,0.3555555555555555,0.0,1.0,0.0,0.0,0.0,0.0,1.0,0.0
89,0.625,0.4285714285714285,0.9017467248908297,0.11561093804084456,0.0854931394394277,0.3318385650224215,0.48874598070739556,0.11904761904761907,0.5000000000000001,0.0,0.0,1.0,0.0,0.0,0.0,1.0,0.0
90,0.625,0.4285714285714285,0.8689956331877731,0.32710280373831774,0.7227629881552716,0.3811659192825112,0.4019292604501608,0.5238095238095237,0.6,0.0,0.0,0.0,1.0,0.0,0.0,1.0,0.0
91,0.875,0.5714285714285714,0.9017467248908297,0.11561093804084456,0.0854931394394277,0.3318385650224215,0.48874598070739556,0.10714285714285715,0.5555555555555556,0.0,0.0,1.0,0.0,0.0,1.0,0.0,0.0
92,0.875,0.5714285714285714,0.9148471615720521,0.2869505019037729,0.5630350650873696,0.6412556053811658,0.5980707395498392,0.20238095238095238,0.6555555555555556,0.0,0.0,0.0,1.0,0.0,0.0,1.0,0.0
93,0.875,0.5714285714285714,0.8951965065502185,0.48459674627898924,0.6960243931042571,0.45739910313901344,0.5144694533762058,0.3333333333333333,0.5000000000000001,0.0,0.0,0.0,1.0,0.0,0.0,1.0,0.0
94,0.875,0.5714285714285714,0.8886462882096069,0.34890965732087226,0.7398850709510965,0.24215246636771298,0.6816720257234727,0.08333333333333331,0.25555555555555554,0.0,0.0,0.0,1.0,0.0,1.0,0.0,0.0
95,0.375,0.2857142857142857,0.8580786026200875,0.3032191069574247,0.8168171689926117,0.19730941704035873,0.5016077170418007,0.5833333333333333,0.09999999999999998,0.0,1.0,0.0,0.0,0.0,0.0,1.0,0.0
96,0.25,0.2857142857142857,0.7314410480349347,0.01938386985115957,0.026152222352527267,0.09865470852017938,0.33762057877813506,0.39285714285714285,0.15555555555555553,0.0,0.0,0.0,0.0,1.0,0.0,1.0,0.0
97,0.25,0.2857142857142857,0.4061135371179039,0.0,0.008912865017004808,0.013452914798206272,0.48874598070739556,0.10714285714285715,0.5555555555555556,0.0,0.0,1.0,0.0,0.0,0.0,1.0,0.0
98,0.25,0.2857142857142857,0.8951965065502185,0.48459674627898924,0.6960243931042571,0.45739910313901344,0.30225080385852093,0.857142857142857,0.45555555555555555,0.0,0.0,0.0,1.0,0.0,0.0,1.0,0.0
99,0.25,0.2857142857142857,0.8951965065502185,0.48459674627898924,0.6960243931042571,0.45739910313901344,0.5659163987138265,0.2857142857142857,0.5555555555555556,0.0,0.0,0.0,1.0,0.0,0.0,1.0,0.0
100,0.25,0.2857142857142857,0.8951965065502185,0.48459674627898924,0.6960243931042571,0.45739910313901344,0.5659163987138265,0.2857142857142857,0.5555555555555556,0.0,0.0,0.0,1.0,0.0,0.0,1.0,0.0
101,0.25,0.2857142857142857,0.8384279475982532,0.5015576323987538,0.7113873578046207,0.38565022421524664,0.392282958199357,0.6071428571428572,0.5555555555555556,0.0,0.0,0.0,1.0,0.0,1.0,0.0,0.0
102,0.125,0.2857142857142857,0.9694323144104802,0.3665628245067497,0.7496188577459835,0.7443946188340806,0.5755627009646302,0.2976190476190476,0.39999999999999997,0.0,0.0,0.0,1.0,0.0,1.0,0.0,0.0
103,0.125,0.2857142857142857,0.9192139737991267,0.41086881273797154,0.7816348070833822,0.3677130044843049,0.7041800643086817,0.16666666666666669,0.45555555555555555,0.0,1.0,0.0,0.0,0.0,0.0,1.0,0.0
104,0.125,0.2857142857142857,0.6921397379912662,0.004499826929733473,0.0016418435557640446,0.11210762331838564,0.09967845659163987,0.75,0.3,0.0,0.0,0.0,0.0,1.0,0.0,1.0,0.0
105,0.375,0.4285714285714285,0.7751091703056769,0.05919003115264797,0.05793362261053125,0.1076233183856502,0.33762057877813506,0.4404761904761905,0.6555555555555556,0.0,0.0,1.0,0.0,0.0,1.0,0.0,0.0
106,0.375,0.4285714285714285,0.8951965065502185,0.09795777085496711,0.07787029435909465,0.3183856502242152,0.5144694533762058,0.16666666666666669,0.3,0.0,0.0,1.0,0.0,0.0,1.0,0.0,0.0
107,0.375,0.4285714285714285,0.8689956331877731,0.3364485981308411,0.7309722059340918,0.2645739910313901,0.617363344051447,0.2142857142857143,0.3,0.0,0.0,0.0,1.0,0.0,0.0,1.0,0.0
108,0.375,0.4285714285714285,0.9192139737991267,0.2962962962962963,0.8100152456901607,0.3004484304932735,0.581993569131833,0.35714285714285715,0.3,0.0,1.0,0.0,0.0,0.0,0.0,1.0,0.0
109,0.375,0.4285714285714285,0.8340611353711789,0.3094496365524403,0.8232672686759704,0.3004484304932735,0.48874598070739556,0.4880952380952381,0.5555555555555556,0.0,1.0,0.0,0.0,0.0,1.0,0.0,0.0
110,0.375,0.2857142857142857,0.7751091703056769,0.05919003115264797,0.05793362261053125,0.1076233183856502,0.36977491961414793,0.3333333333333333,0.6,0.0,0.0,1.0,0.0,0.0,1.0,0.0,0.0
111,0.25,0.2857142857142857,0.9017467248908297,0.10695742471443404,0.08162307962941247,0.38565022421524664,0.5337620578778135,0.035714285714285726,0.45555555555555555,0.0,0.0,1.0,0.0,0.0,1.0,0.0,0.0
112,0.25,0.2857142857142857,0.8580786026200875,0.3032191069574247,0.8168171689926117,0.19730941704035873,0.662379421221865,0.2857142857142857,0.3555555555555555,0.0,1.0,0.0,0.0,0.0,0.0,1.0,0.0
113,0.25,0.2857142857142857,0.9039301310043668,0.2634129456559363,0.8401548023924006,0.39461883408071746,0.5369774919614148,0.23809523809523808,0.25555555555555554,0.0,1.0,0.0,0.0,0.0,1.0,0.0,0.0
114,0.25,0.2857142857142857,0.8231441048034933,0.08065074420214606,0.07001290019936672,0.15246636771300448,0.43729903536977505,0.14285714285714285,0.7999999999999999,0.0,0.0,1.0,0.0,0.0,1.0,0.0,0.0
115,0.25,0.4285714285714285,0.8231441048034933,0.08065074420214606,0.07001290019936672,0.15246636771300448,0.4276527331189711,0.14285714285714285,0.6555555555555556,0.0,0.0,1.0,0.0,0.0,1.0,0.0,0.0
116,0.25,0.2857142857142857,0.9017467248908297,0.11561093804084456,0.0854931394394277,0.3318385650224215,0.30225080385852093,0.17857142857142855,0.6555555555555556,0.0,0.0,1.0,0.0,0.0,0.0,1.0,0.0
117,0.25,0.2857142857142857,0.9017467248908297,0.11561093804084456,0.0854931394394277,0.3318385650224215,0.41800643086816724,0.14285714285714285,0.5000000000000001,0.0,0.0,1.0,0.0,0.0,0.0,1.0,0.0
118,0.25,0.2857142857142857,0.8668122270742358,0.12911041883004498,0.09229506274187874,0.2600896860986547,0.27009646302250806,0.17857142857142855,0.39999999999999997,0.0,0.0,1.0,0.0,0.0,1.0,0.0,0.0
119,0.25,0.2857142857142857,0.9301310043668121,0.2523364485981308,0.5379383135921192,0.3273542600896861,0.559485530546624,0.25,0.3,0.0,0.0,0.0,1.0,0.0,1.0,0.0,0.0
120,0.25,0.2857142857142857,0.8973799126637554,0.49498096227068183,0.7039990618036825,0.4618834080717488,0.26045016077170424,0.7023809523809523,0.2,0.0,0.0,0.0,1.0,0.0,1.0,0.0,0.0
121,0.25,0.2857142857142857,0.8973799126637554,0.49498096227068183,0.7039990618036825,0.4618834080717488,0.4790996784565918,0.3333333333333333,0.5555555555555556,0.0,0.0,0.0,1.0,0.0,1.0,0.0,0.0
122,0.25,0.2857142857142857,0.9170305676855897,0.4212530287296642,0.7890231030843204,0.3632286995515695,0.6527331189710612,0.32142857142857145,0.5555555555555556,0.0,1.0,0.0,0.0,0.0,0.0,1.0,0.0
123,0.25,0.2857142857142857,0.7423580786026203,0.24575977847005884,0.7787029435909464,0.12556053811659193,0.504823151125402,0.35714285714285715,0.3,0.0,1.0,0.0,0.0,0.0,1.0,0.0,0.0
124,0.25,0.2857142857142857,0.9585152838427948,0.28625822083766006,0.8026269496892224,0.6950672645739909,0.5659163987138265,0.4166666666666667,0.5555555555555556,0.0,1.0,0.0,0.0,0.0,1.0,0.0,0.0
125,0.25,0.2857142857142857,0.9213973799126638,0.15264797507788158,0.8020405769907353,0.3766816143497758,0.5916398713826367,0.10714285714285715,0.5555555555555556,0.0,1.0,0.0,0.0,0.0,0.0,1.0,0.0
126,0.25,0.4285714285714285,0.8122270742358078,0.1723779854620976,0.112466283569837,0.20627802690582958,0.2186495176848875,0.4047619047619047,0.2,0.0,0.0,1.0,0.0,0.0,1.0,0.0,0.0
127,0.25,0.4285714285714285,0.9410480349344978,0.5084804430598823,0.8451976075993902,0.34529147982062774,0.48231511254019294,0.3333333333333333,0.3,0.0,1.0,0.0,0.0,0.0,1.0,0.0,0.0
128,0.25,0.4285714285714285,0.8951965065502185,0.12287988923502942,0.7809311598451976,0.21524663677130046,0.4405144694533763,0.369047619047619,0.3555555555555555,0.0,1.0,0.0,0.0,0.0,1.0,0.0,0.0
129,0.125,0.4285714285714285,0.9213973799126638,0.15264797507788158,0.8020405769907353,0.3766816143497758,0.42443729903536986,0.23809523809523808,0.055555555555555546,0.0,1.0,0.0,0.0,0.0,0.0,1.0,0.0
130,0.375,0.5714285714285714,0.3886462882096071,0.06611284181377639,0.09299870998006333,0.017937219730941704,0.42443729903536986,0.2976190476190476,0.25555555555555554,0.0,0.0,0.0,0.0,1.0,0.0,1.0,0.0
131,0.375,0.5714285714285714,0.8034934497816595,0.07442021460713048,0.06661193854814121,0.16591928251121074,0.3794212218649518,0.2857142857142857,0.3,0.0,0.0,1.0,0.0,0.0,1.0,0.0,0.0
132,0.375,0.5714285714285714,0.8493449781659388,0.16926272066458978,0.1105898909346781,0.41255605381165916,0.27009646302250806,0.369047619047619,0.5000000000000001,0.0,0.0,1.0,0.0,0.0,0.0,1.0,0.0
133,0.375,0.5714285714285714,0.945414847161572,0.2717203184492904,0.7943004573707049,0.7847533632286994,0.4951768488745982,0.32142857142857145,0.3,0.0,1.0,0.0,0.0,0.0,1.0,0.0,0.0
134,0.25,0.4285714285714285,0.8231441048034933,0.08065074420214606,0.07001290019936672,0.15246636771300448,0.4083601286173634,0.2738095238095238,0.25555555555555554,0.0,0.0,1.0,0.0,0.0,1.0,0.0,0.0
135,0.25,0.4285714285714285,0.9410480349344978,0.47421253028729665,0.6875806262460421,0.8923766816143497,0.4951768488745982,0.4404761904761905,0.6,0.0,0.0,0.0,1.0,0.0,0.0,1.0,0.0
136,0.25,0.5714285714285714,0.9170305676855897,0.4212530287296642,0.7890231030843204,0.3632286995515695,0.48231511254019294,0.5119047619047619,0.09999999999999998,0.0,1.0,0.0,0.0,0.0,0.0,1.0,0.0
137,0.25,0.5714285714285714,0.884279475982533,0.42956040152301833,0.7958250263867714,0.2959641255605381,0.4308681672025724,0.6071428571428572,0.3,0.0,1.0,0.0,0.0,0.0,1.0,0.0,0.0
138,1.0,0.9999999999999999,0.7729257641921397,0.15887850467289716,0.3582737187756538,0.1569506726457399,0.5080385852090032,0.32142857142857145,0.25555555555555554,0.0,0.0,0.0,1.0,0.0,1.0,0.0,0.36
139,0.0,0.2857142857142857,0.8864628820960698,0.4399446175147109,0.8029787733083148,0.2959641255605381,0.627009646302251,0.2738095238095238,0.2,0.0,1.0,0.0,0.0,0.0,1.0,0.0,0.43
140,0.125,0.4285714285714285,0.884279475982533,0.42956040152301833,0.7958250263867714,0.2959641255605381,0.6334405144694535,0.2857142857142857,0.15555555555555553,0.0,1.0,0.0,0.0,0.0,1.0,0.0,0.47
141,0.0,0.0,0.9847161572052401,0.3374870197300104,0.5927055236308197,0.5739910313901344,0.6784565916398715,0.19047619047619047,0.45555555555555555,0.0,0.0,0.0,1.0,0.0,1.0,0.0,0.55
142,0.875,0.5714285714285714,0.8668122270742358,0.3655244029075804,0.612055822680896,0.5426008968609864,0.6109324758842445,0.42857142857142855,0.9444444444444445,0.0,0.0,0.0,1.0,0.0,1.0,0.0,0.61
143,0.0,0.0,0.8646288209606987,0.16926272066458978,0.33821977248739304,0.3721973094170403,0.4630225080385853,0.4523809523809524,0.5555555555555556,0.0,0.0,0.0,1.0,0.0,0.0,1.0,0.71
144,0.125,0.4285714285714285,0.9847161572052401,0.3374870197300104,0.5927055236308197,0.5739910313901344,0.694533762057878,0.20238095238095238,0.5555555555555556,0.0,0.0,0.0,1.0,0.0,1.0,0.0,0.77
145,0.625,0.4285714285714285,0.9781659388646289,0.44755970924195215,0.6695203471326375,0.4484304932735426,0.8102893890675242,0.08333333333333331,0.39999999999999997,0.0,0.0,0.0,1.0,0.0,1.0,0.0,0.9
146,0.5,0.2857142857142857,0.8668122270742358,0.12911041883004498,0.09229506274187874,0.2600896860986547,0.3536977491961415,0.2976190476190476,0.5555555555555556,0.0,0.0,1.0,0.0,0.0,1.0,0.0,0.95
147,0.875,0.14285714285714285,0.7423580786026203,0.24575977847005884,0.7787029435909464,0.12556053811659193,0.707395498392283,0.15476190476190477,0.3555555555555555,0.0,1.0,0.0,0.0,0.0,1.0,0.0,0.96
148,0.125,0.0,0.9694323144104802,0.3665628245067497,0.7496188577459835,0.7443946188340806,0.48874598070739556,0.3333333333333333,0.7000000000000001,0.0,0.0,0.0,1.0,0.0,1.0,0.0,1.07
149,0.875,0.5714285714285714,0.945414847161572,0.2717203184492904,0.7943004573707049,0.7847533632286994,0.6913183279742765,0.11904761904761907,0.45555555555555555,0.0,1.0,0.0,0.0,0.0,1.0,0.0,1.12
150,0.625,0.4285714285714285,0.9192139737991267,0.18691588785046725,0.49888589187287447,0.3004484304932735,0.6752411575562702,0.2857142857142857,0.5555555555555556,0.0,0.0,0.0,1.0,0.0,1.0,0.0,1.19
151,1.0,0.9999999999999999,0.8668122270742358,0.22914503288335059,0.40729447636918026,0.30493273542600896,0.7266881028938907,0.16666666666666669,0.2,0.0,0.0,0.0,1.0,0.0,0.0,1.0,1.36
152,0.25,0.2857142857142857,0.8668122270742358,0.16891658013153338,0.48809663422071076,0.2600896860986547,0.7202572347266882,0.3333333333333333,0.15555555555555553,0.0,0.0,0.0,1.0,0.0,0.0,1.0,1.43
153,0.5,0.2857142857142857,0.9585152838427948,0.28625822083766006,0.8026269496892224,0.6950672645739909,0.5755627009646302,0.380952380952381,0.5000000000000001,0.0,1.0,0.0,0.0,0.0,1.0,0.0,1.46
154,0.0,0.4285714285714285,0.9388646288209608,0.49498096227068183,0.8367538407411751,0.34529147982062774,0.8810289389067525,0.14285714285714285,0.25555555555555554,0.0,1.0,0.0,0.0,0.0,0.0,1.0,1.46
155,0.75,0.2857142857142857,0.9694323144104802,0.3665628245067497,0.7496188577459835,0.7443946188340806,0.4565916398713827,0.380952380952381,0.09999999999999998,0.0,0.0,0.0,1.0,0.0,0.0,1.0,1.56
156,0.125,0.2857142857142857,0.9388646288209608,0.49498096227068183,0.8367538407411751,0.34529147982062774,0.8488745980707397,0.14285714285714285,0.2,0.0,1.0,0.0,0.0,0.0,0.0,1.0,1.61
157,0.125,0.0,0.910480349344978,0.3766008999653859,0.7578280755248036,0.41255605381165916,0.5209003215434085,0.35714285714285715,0.3555555555555555,0.0,0.0,0.0,1.0,0.0,1.0,0.0,1.63
158,0.125,0.2857142857142857,0.910480349344978,0.3766008999653859,0.7578280755248036,0.41255605381165916,0.5884244372990355,0.23809523809523808,0.39999999999999997,0.0,0.0,0.0,1.0,0.0,1.0,0.0,1.64
159,0.75,0.2857142857142857,0.9170305676855897,0.39979231568016615,0.7741292365427466,0.5291479820627801,0.5401929260450162,0.22619047619047622,0.6,0.0,1.0,0.0,0.0,0.0,1.0,0.0,1.69
160,0.75,0.2857142857142857,0.8668122270742358,0.12911041883004498,0.09229506274187874,0.2600896860986547,0.4469453376205789,0.16666666666666669,0.3,0.0,0.0,1.0,0.0,0.0,1.0,0.0,1.75
161,0.625,0.2857142857142857,0.9781659388646289,0.44755970924195215,0.6695203471326375,0.4484304932735426,0.581993569131833,0.30952380952380953,0.39999999999999997,0.0,0.0,0.0,1.0,0.0,1.0,0.0,1.9
162,0.625,0.14285714285714285,0.8777292576419213,0.16510903426791274,0.10847894922012433,0.3318385650224215,0.41800643086816724,0.19047619047619047,0.9,0.0,0.0,1.0,0.0,0.0,0.0,1.0,1.94
163,0.875,0.5714285714285714,0.9192139737991267,0.41086881273797154,0.7816348070833822,0.3677130044843049,0.5016077170418007,0.4880952380952381,0.15555555555555553,0.0,1.0,0.0,0.0,0.0,0.0,1.0,1.95
164,0.875,0.4285714285714285,0.8580786026200875,0.3032191069574247,0.8168171689926117,0.19730941704035873,0.5016077170418007,0.6190476190476191,0.2,0.0,1.0,0.0,0.0,0.0,0.0,1.0,2.01
165,0.625,0.4285714285714285,0.7532751091703058,0.0546902042229145,0.05523630819749032,0.11659192825112108,0.09967845659163987,0.6547619047619047,0.45555555555555555,0.0,0.0,1.0,0.0,0.0,1.0,0.0,2.14
166,0.625,0.4285714285714285,0.910480349344978,0.3766008999653859,0.7578280755248036,0.41255605381165916,0.4630225080385853,0.380952380952381,0.055555555555555546,0.0,0.0,0.0,1.0,0.0,1.0,0.0,2.29
167,0.625,0.4285714285714285,0.9956331877729259,0.43163724472135684,0.6597865603377507,0.7219730941704035,0.6816720257234727,0.2142857142857143,0.45555555555555555,0.0,0.0,0.0,1.0,0.0,1.0,0.0,2.51
168,0.625,0.4285714285714285,0.8908296943231442,0.15887850467289716,0.1054298111879911,0.5426008968609864,0.39871382636655955,0.130952380952381,1.0,0.0,0.0,1.0,0.0,0.0,1.0,0.0,2.53
169,0.875,0.5714285714285714,0.9781659388646289,0.44755970924195215,0.6695203471326375,0.4484304932735426,0.594855305466238,0.35714285714285715,0.2,0.0,0.0,0.0,1.0,0.0,1.0,0.0,2.55
170,0.5,0.2857142857142857,0.9279475982532754,0.453097957770855,0.811187991087135,0.39461883408071746,0.6334405144694535,0.23809523809523808,0.15555555555555553,0.0,1.0,0.0,0.0,0.0,1.0,0.0,2.57
171,0.875,0.5714285714285714,0.7685589519650653,0.3046036690896504,0.7056409053594466,0.2780269058295964,0.48874598070739556,0.4166666666666667,0.39999999999999997,0.0,0.0,0.0,1.0,0.0,1.0,0.0,2.69
172,0.75,0.2857142857142857,0.8951965065502185,0.48459674627898924,0.6960243931042571,0.45739910313901344,0.5755627009646302,0.2857142857142857,0.5555555555555556,0.0,0.0,0.0,1.0,0.0,0.0,1.0,2.74
173,0.375,0.2857142857142857,0.884279475982533,0.42956040152301833,0.7958250263867714,0.2959641255605381,0.49839228295819943,0.2857142857142857,0.2,0.0,1.0,0.0,0.0,0.0,1.0,0.0,3.07
174,0.0,0.2857142857142857,0.8689956331877731,0.32710280373831774,0.7227629881552716,0.3811659192825112,0.38585209003215437,0.4523809523809524,0.15555555555555553,0.0,0.0,0.0,1.0,0.0,0.0,1.0,3.5
175,0.0,0.2857142857142857,0.8689956331877731,0.32710280373831774,0.7227629881552716,0.3811659192825112,0.581993569131833,0.2857142857142857,0.5000000000000001,0.0,0.0,0.0,1.0,0.0,0.0,1.0,4.53
176,0.625,0.4285714285714285,0.6790393013100438,0.0231914157147802,0.05547085727688519,0.1031390134529148,0.11575562700964631,0.46428571428571425,0.6,0.0,0.0,1.0,0.0,0.0,1.0,0.0,4.61
177,0.125,0.4285714285714285,0.8689956331877731,0.3364485981308411,0.7309722059340918,0.2645739910313901,0.5466237942122187,0.3452380952380952,0.25555555555555554,0.0,0.0,0.0,1.0,0.0,0.0,1.0,4.69
178,0.125,0.4285714285714285,0.8668122270742358,0.27864312911041883,0.8535240999179079,0.2600896860986547,0.5176848874598072,0.35714285714285715,0.2,0.0,1.0,0.0,0.0,0.0,1.0,0.0,4.88
179,0.875,0.5714285714285714,0.8384279475982532,0.5015576323987538,0.7113873578046207,0.38565022421524664,0.392282958199357,0.6071428571428572,0.5555555555555556,0.0,0.0,0.0,1.0,0.0,1.0,0.0,5.23
180,0.0,0.14285714285714285,0.9170305676855897,0.4212530287296642,0.7890231030843204,0.3632286995515695,0.6977491961414792,0.20238095238095238,0.7000000000000001,0.0,1.0,0.0,0.0,0.0,0.0,1.0,5.33
181,0.875,0.5714285714285714,0.7532751091703058,0.10522672204915194,0.7696728040342442,0.11659192825112108,0.5434083601286175,0.20238095238095238,0.39999999999999997,0.0,1.0,0.0,0.0,0.0,1.0,0.0,5.44
182,0.5,0.2857142857142857,0.7947598253275108,0.04569055036344755,0.0473789140377624,0.1569506726457399,0.32797427652733124,0.4523809523809524,0.2,0.0,0.0,0.0,0.0,1.0,0.0,1.0,6.38
183,0.75,0.2857142857142857,0.9017467248908297,0.15957078573901,0.8070833821977249,0.4798206278026905,0.4694533762057879,0.35714285714285715,0.45555555555555555,0.0,1.0,0.0,0.0,0.0,1.0,0.0,6.83
184,0.875,0.5714285714285714,0.9497816593886466,0.461405330564209,0.6787850357687347,0.6591928251121075,0.5980707395498392,0.22619047619047622,0.5000000000000001,0.0,0.0,0.0,1.0,0.0,1.0,0.0,6.96
185,0.125,0.4285714285714285,0.8864628820960698,0.4399446175147109,0.8029787733083148,0.2959641255605381,0.4951768488745982,0.369047619047619,0.3,0.0,1.0,0.0,0.0,0.0,1.0,0.0,7.04
186,0.875,0.5714285714285714,0.8493449781659388,0.16926272066458978,0.1105898909346781,0.41255605381165916,0.2990353697749197,0.2857142857142857,0.6,0.0,0.0,1.0,0.0,0.0,0.0,1.0,7.19
187,0.0,0.4285714285714285,0.884279475982533,0.42956040152301833,0.7958250263867714,0.2959641255605381,0.604501607717042,0.32142857142857145,0.2,0.0,1.0,0.0,0.0,0.0,1.0,0.0,7.3
188,0.625,0.2857142857142857,0.8820960698689955,0.13672551055728624,0.09557874985340684,0.336322869955157,0.35691318327974286,0.32142857142857145,0.055555555555555546,0.0,0.0,1.0,0.0,0.0,0.0,1.0,7.4
189,0.75,0.2857142857142857,0.8799126637554586,0.14399446175147107,0.09909698604432979,0.22869955156950672,0.2990353697749197,0.5357142857142856,0.39999999999999997,0.0,0.0,1.0,0.0,0.0,0.0,1.0,8.24
190,0.625,0.4285714285714285,0.8908296943231442,0.15887850467289716,0.1054298111879911,0.5426008968609864,0.3054662379421222,0.2142857142857143,0.39999999999999997,0.0,0.0,1.0,0.0,0.0,1.0,0.0,8.31
191,0.125,0.4285714285714285,0.9781659388646289,0.44755970924195215,0.6695203471326375,0.4484304932735426,0.707395498392283,0.15476190476190477,0.25555555555555554,0.0,0.0,0.0,1.0,0.0,1.0,0.0,8.68
192,0.125,0.0,0.9694323144104802,0.3665628245067497,0.7496188577459835,0.7443946188340806,0.7202572347266882,0.08333333333333331,0.45555555555555555,0.0,0.0,0.0,1.0,0.0,1.0,0.0,8.71
193,0.375,0.4285714285714285,0.9279475982532754,0.453097957770855,0.811187991087135,0.39461883408071746,0.7106109324758845,0.11904761904761907,0.39999999999999997,0.0,1.0,0.0,0.0,0.0,1.0,0.0,9.41
194,0.125,0.0,0.9694323144104802,0.3665628245067497,0.7496188577459835,0.7443946188340806,0.7202572347266882,0.08333333333333331,0.45555555555555555,0.0,0.0,0.0,1.0,0.0,1.0,0.0,10.01
195,0.125,0.4285714285714285,0.9497816593886466,0.461405330564209,0.6787850357687347,0.6591928251121075,0.684887459807074,0.25,0.5555555555555556,0.0,0.0,0.0,1.0,0.0,1.0,0.0,10.02
196,0.625,0.4285714285714285,0.6790393013100438,0.0231914157147802,0.05547085727688519,0.1031390134529148,0.11575562700964631,0.46428571428571425,0.6,0.0,0.0,1.0,0.0,0.0,1.0,0.0,10.93
197,0.375,0.4285714285714285,0.9279475982532754,0.4659051574939425,0.8191626597865603,0.39461883408071746,0.6205787781350482,0.0,0.055555555555555546,0.0,1.0,0.0,0.0,0.0,1.0,0.0,11.06
198,0.25,0.2857142857142857,0.8864628820960698,0.4399446175147109,0.8029787733083148,0.2959641255605381,0.37620578778135055,0.5238095238095237,0.6555555555555556,0.0,1.0,0.0,0.0,0.0,1.0,0.0,11.24
199,0.125,0.2857142857142857,0.2860262008733625,0.23676012461059184,0.7709628239709159,0.017937219730941704,0.6559485530546625,0.2738095238095238,0.3555555555555555,0.0,1.0,0.0,0.0,0.0,1.0,0.0,11.32
200,0.0,0.4285714285714285,0.8864628820960698,0.4399446175147109,0.8029787733083148,0.2959641255605381,0.6237942122186497,0.2142857142857143,0.2,0.0,1.0,0.0,0.0,0.0,1.0,0.0,11.53
201,0.625,0.4285714285714285,0.8668122270742358,0.12184146763586017,0.08889410109065322,0.30493273542600896,0.32797427652733124,0.46428571428571425,0.3555555555555555,0.0,0.0,1.0,0.0,0.0,0.0,1.0,12.1
202,0.75,0.2857142857142857,0.7314410480349347,0.021806853582554513,0.02838043860677847,0.07623318385650224,0.21221864951768493,0.6309523809523809,0.2,0.0,0.0,0.0,0.0,1.0,0.0,1.0,13.05
203,0.875,0.5714285714285714,0.8951965065502185,0.12287988923502942,0.7809311598451976,0.21524663677130046,0.5787781350482315,0.2619047619047619,0.25555555555555554,0.0,1.0,0.0,0.0,0.0,1.0,0.0,13.7
204,0.5,0.5714285714285714,0.8777292576419213,0.16510903426791274,0.10847894922012433,0.3318385650224215,0.414790996784566,0.5833333333333333,0.39999999999999997,0.0,0.0,1.0,0.0,0.0,0.0,1.0,13.99
205,0.375,0.4285714285714285,0.9279475982532754,0.4659051574939425,0.8191626597865603,0.39461883408071746,0.639871382636656,0.22619047619047622,0.15555555555555553,0.0,1.0,0.0,0.0,0.0,1.0,0.0,14.57
206,0.125,0.0,0.9410480349344978,0.47421253028729665,0.6875806262460421,0.8923766816143497,0.6655948553054662,0.19047619047619047,0.7555555555555555,0.0,0.0,0.0,1.0,0.0,0.0,1.0,15.45
207,0.75,0.4285714285714285,0.8864628820960698,0.4399446175147109,0.8029787733083148,0.2959641255605381,0.594855305466238,0.2619047619047619,0.2,0.0,1.0,0.0,0.0,0.0,1.0,0.0,17.2
208,0.625,0.4285714285714285,0.9170305676855897,0.39979231568016615,0.7741292365427466,0.5291479820627801,0.559485530546624,0.2142857142857143,0.6555555555555556,0.0,1.0,0.0,0.0,0.0,1.0,0.0,19.23
209,0.875,0.14285714285714285,0.945414847161572,0.2717203184492904,0.7943004573707049,0.7847533632286994,0.6752411575562702,0.130952380952381,0.5000000000000001,0.0,1.0,0.0,0.0,0.0,1.0,0.0,23.41
210,0.375,0.2857142857142857,0.8777292576419213,0.14295604015230182,0.7962941245455611,0.2825112107623318,0.5209003215434085,0.11904761904761907,0.3,0.0,1.0,0.0,0.0,0.0,0.0,1.0,24.23
211,0.75,0.2857142857142857,0.9410480349344978,0.47421253028729665,0.6875806262460421,0.8923766816143497,0.09324758842443731,0.9642857142857142,0.6,0.0,0.0,0.0,1.0,0.0,0.0,1.0,26.0
212,0.75,0.2857142857142857,0.9585152838427948,0.28625822083766006,0.8026269496892224,0.6950672645739909,0.5755627009646302,0.380952380952381,0.5000000000000001,0.0,1.0,0.0,0.0,0.0,1.0,0.0,26.13
213,0.75,0.14285714285714285,0.8122270742358078,0.1723779854620976,0.112466283569837,0.20627802690582958,0.28295819935691324,0.369047619047619,0.6,0.0,0.0,1.0,0.0,0.0,1.0,0.0,27.35
214,0.375,0.2857142857142857,0.9017467248908297,0.11561093804084456,0.0854931394394277,0.3318385650224215,0.47588424437299043,0.14285714285714285,0.5000000000000001,0.0,0.0,1.0,0.0,0.0,0.0,1.0,28.66
215,0.375,0.2857142857142857,0.9017467248908297,0.11561093804084456,0.0854931394394277,0.3318385650224215,0.47588424437299043,0.14285714285714285,0.5000000000000001,0.0,0.0,1.0,0.0,0.0,0.0,1.0,28.66
216,0.375,0.2857142857142857,0.9170305676855897,0.4212530287296642,0.7890231030843204,0.3632286995515695,0.47266881028938906,0.5357142857142856,0.09999999999999998,0.0,1.0,0.0,0.0,0.0,0.0,1.0,29.48
217,0.0,0.14285714285714285,0.8340611353711789,0.3094496365524403,0.8232672686759704,0.3004484304932735,0.32797427652733124,0.6904761904761905,0.6555555555555556,0.0,1.0,0.0,0.0,0.0,1.0,0.0,30.32
218,0.375,0.4285714285714285,0.9279475982532754,0.453097957770855,0.811187991087135,0.39461883408071746,0.5530546623794212,0.047619047619047616,0.09999999999999998,0.0,1.0,0.0,0.0,0.0,1.0,0.0,31.72
219,0.625,0.4285714285714285,0.8668122270742358,0.12911041883004498,0.09229506274187874,0.2600896860986547,0.41800643086816724,0.14285714285714285,0.3,0.0,0.0,1.0,0.0,0.0,1.0,0.0,31.86
220,0.875,0.5714285714285714,0.8689956331877731,0.3364485981308411,0.7309722059340918,0.2645739910313901,0.45016077170418006,0.5238095238095237,0.3,0.0,0.0,0.0,1.0,0.0,0.0,1.0,32.07
221,0.25,0.2857142857142857,0.9366812227074237,0.4804430598823121,0.8279582502638677,0.6053811659192825,0.527331189710611,0.4047619047619047,0.3555555555555555,0.0,1.0,0.0,0.0,0.0,1.0,0.0,35.88
222,0.375,0.14285714285714285,0.8122270742358078,0.1723779854620976,0.112466283569837,0.20627802690582958,0.28295819935691324,0.369047619047619,0.6,0.0,0.0,1.0,0.0,0.0,1.0,0.0,36.85
223,0.125,0.0,0.8275109170305677,0.5119418483904464,0.35416910988624367,0.28699551569506726,0.3601286173633441,0.7619047619047619,0.3555555555555555,0.0,0.0,0.0,1.0,0.0,1.0,0.0,37.02
224,0.75,0.2857142857142857,0.8668122270742358,0.27864312911041883,0.8535240999179079,0.2600896860986547,0.42443729903536986,0.49999999999999994,0.45555555555555555,0.0,1.0,0.0,0.0,0.0,1.0,0.0,37.71
225,0.375,0.2857142857142857,0.9410480349344978,0.5084804430598823,0.8451976075993902,0.34529147982062774,0.6655948553054662,0.2857142857142857,0.5000000000000001,0.0,1.0,0.0,0.0,0.0,0.0,1.0,48.55
226,0.75,0.4285714285714285,0.9017467248908297,0.15957078573901,0.8070833821977249,0.4798206278026905,0.4469453376205789,0.3452380952380952,0.39999999999999997,0.0,1.0,0.0,0.0,0.0,1.0,0.0,49.37
227,0.875,0.5714285714285714,0.9126637554585155,0.2748355832467982,0.5545912982291545,0.5156950672645739,0.5755627009646302,0.22619047619047622,0.45555555555555555,0.0,0.0,0.0,1.0,0.0,0.0,1.0,58.3
228,0.375,0.5714285714285714,0.9410480349344978,0.5084804430598823,0.8451976075993902,0.34529147982062774,0.8392282958199357,0.130952380952381,0.3,0.0,1.0,0.0,0.0,0.0,0.0,1.0,64.1
229,0.875,0.5714285714285714,0.9126637554585155,0.2748355832467982,0.5545912982291545,0.5156950672645739,0.4565916398713827,0.3333333333333333,0.39999999999999997,0.0,0.0,0.0,1.0,0.0,0.0,1.0,71.3
230,0.375,0.2857142857142857,0.9279475982532754,0.453097957770855,0.811187991087135,0.39461883408071746,0.7781350482315113,0.07142857142857145,0.45555555555555555,0.0,1.0,0.0,0.0,0.0,1.0,0.0,88.49
231,0.0,0.4285714285714285,0.9410480349344978,0.5084804430598823,0.8451976075993902,0.34529147982062774,0.8231511254019295,0.14285714285714285,0.3,0.0,1.0,0.0,0.0,0.0,0.0,1.0,95.18
232,0.625,0.2857142857142857,0.8864628820960698,0.4399446175147109,0.8029787733083148,0.2959641255605381,0.5305466237942122,0.3333333333333333,0.25555555555555554,0.0,1.0,0.0,0.0,0.0,1.0,0.0,103.39
233,1.0,0.2857142857142857,0.7423580786026203,0.24575977847005884,0.7787029435909464,0.12556053811659193,0.7106109324758845,0.25,0.3,0.0,1.0,0.0,0.0,0.0,1.0,0.0,105.66
234,0.375,0.4285714285714285,0.9192139737991267,0.41086881273797154,0.7816348070833822,0.3677130044843049,0.49839228295819943,0.11904761904761907,0.3,0.0,1.0,0.0,0.0,0.0,0.0,1.0,154.88
235,0.875,0.5714285714285714,0.8951965065502185,0.48459674627898924,0.6960243931042571,0.45739910313901344,0.559485530546624,0.30952380952380953,0.6,0.0,0.0,0.0,1.0,0.0,0.0,1.0,196.48
236,0.125,0.0,0.9192139737991267,0.41086881273797154,0.7816348070833822,0.3677130044843049,0.5144694533762058,0.369047619047619,0.15555555555555553,0.0,1.0,0.0,0.0,0.0,0.0,1.0,200.94
237,0.0,0.0,0.8864628820960698,0.4399446175147109,0.8029787733083148,0.2959641255605381,0.5337620578778135,0.2976190476190476,0.2,0.0,1.0,0.0,0.0,0.0,1.0,0.0,212.88
239,0.75,0.4285714285714285,0.6877729257641922,0.0020768431983385263,0.0,0.1390134529147982,0.3601286173633441,0.7142857142857142,0.15555555555555553,0.0,0.0,1.0,0.0,0.0,0.0,1.0,0.0
240,0.625,0.14285714285714285,0.8209606986899562,0.05122879889235029,0.04174973613228568,0.15246636771300448,0.41800643086816724,0.42857142857142855,0.25555555555555554,0.0,0.0,1.0,0.0,0.0,1.0,0.0,0.0
241,0.375,0.2857142857142857,0.7117903930131004,0.07234337140879196,0.09077049372581213,0.08520179372197309,0.46623794212218655,0.059523809523809534,0.3,0.0,0.0,1.0,0.0,0.0,1.0,0.0,0.0
242,0.125,0.2857142857142857,0.9563318777292578,0.4150224991346486,0.6825378210390525,0.5605381165919282,0.42443729903536986,0.6071428571428572,0.39999999999999997,0.0,0.0,0.0,1.0,0.0,0.0,1.0,10.13
243,0.75,0.2857142857142857,0.9039301310043668,0.5977847005884388,0.8124780110238068,0.600896860986547,0.6334405144694535,0.6904761904761905,0.7999999999999999,0.7142857142857143,0.0,0.0,1.0,0.0,0.0,1.0,0.0
244,0.125,0.2857142857142857,0.9039301310043668,0.5977847005884388,0.8124780110238068,0.600896860986547,0.6495176848874598,0.46428571428571425,0.7999999999999999,0.0,0.0,0.0,1.0,0.0,0.0,1.0,2.87
245,0.25,0.2857142857142857,0.9039301310043668,0.5977847005884388,0.8124780110238068,0.600896860986547,0.7909967845659165,0.2738095238095238,0.6555555555555556,0.0,0.0,0.0,1.0,0.0,0.0,1.0,0.76
246,0.5,0.2857142857142857,0.9039301310043668,0.5977847005884388,0.8124780110238068,0.600896860986547,0.7556270096463023,0.2857142857142857,0.5555555555555556,0.0,0.0,0.0,1.0,0.0,0.0,1.0,0.09
247,0.125,0.2857142857142857,0.9126637554585155,0.30875735548632743,0.5813298932801689,0.41255605381165916,0.594855305466238,0.6547619047619047,0.2,0.0,0.0,0.0,1.0,0.0,1.0,0.0,0.75
248,0.875,0.5714285714285714,0.9323144104803491,0.5361716857043959,0.77260466752668,0.5874439461883407,0.852090032154341,0.15476190476190477,0.25555555555555554,0.0,0.0,0.0,1.0,0.0,1.0,0.0,0.0
249,0.25,0.2857142857142857,0.9323144104803491,0.5361716857043959,0.77260466752668,0.5874439461883407,0.627009646302251,0.2976190476190476,0.0,0.0,0.0,0.0,1.0,0.0,1.0,0.0,2.47
250,0.875,0.4285714285714285,0.9323144104803491,0.5361716857043959,0.77260466752668,0.5874439461883407,0.7909967845659165,0.11904761904761907,0.3,0.0,0.0,0.0,1.0,0.0,1.0,0.0,0.68
251,0.875,0.4285714285714285,0.9323144104803491,0.5361716857043959,0.77260466752668,0.5874439461883407,0.7009646302250805,0.25,0.3,0.0,0.0,0.0,1.0,0.0,1.0,0.0,0.24
252,0.625,0.4285714285714285,0.9323144104803491,0.5361716857043959,0.77260466752668,0.5874439461883407,0.639871382636656,0.2619047619047619,0.3555555555555555,0.0,0.0,0.0,1.0,0.0,1.0,0.0,0.21
253,0.75,0.2857142857142857,0.9061135371179039,0.3696780893042575,0.6539228333528792,0.34080717488789236,0.617363344051447,0.2738095238095238,0.25555555555555554,0.0,0.0,0.0,1.0,0.0,1.0,0.0,1.52
254,0.625,0.14285714285714285,0.8995633187772925,0.4697127033575631,0.7198311246628358,0.2645739910313901,0.5369774919614148,0.30952380952380953,0.3,0.0,0.0,0.0,1.0,0.0,1.0,0.0,10.34
255,0.125,0.4285714285714285,0.8100436681222707,0.25822083766008996,0.8055588131816582,0.20627802690582958,0.6463022508038587,0.369047619047619,0.39999999999999997,0.0,0.0,0.0,1.0,0.0,1.0,0.0,0.0
256,0.875,0.5714285714285714,0.9563318777292578,0.39736933194877117,0.6722176615456785,0.47533632286995514,0.6977491961414792,0.30952380952380953,0.2,0.0,0.0,0.0,1.0,0.0,0.0,1.0,8.02
257,0.375,0.14285714285714285,0.9563318777292578,0.39736933194877117,0.6722176615456785,0.47533632286995514,0.617363344051447,0.3452380952380952,0.25555555555555554,0.0,0.0,0.0,1.0,0.0,0.0,1.0,0.68
258,0.25,0.2857142857142857,0.9039301310043668,0.5832467982000692,0.8026269496892224,0.5964125560538115,0.5916398713826367,0.5238095238095237,0.055555555555555546,0.0,0.0,0.0,1.0,0.0,0.0,1.0,0.0
259,0.75,0.2857142857142857,0.9039301310043668,0.5832467982000692,0.8026269496892224,0.5964125560538115,0.6913183279742765,0.2976190476190476,0.15555555555555553,0.0,0.0,0.0,1.0,0.0,0.0,1.0,1.38
260,0.125,0.2857142857142857,0.9432314410480349,0.33056420906888195,0.6263633165239827,0.6278026905829596,0.8392282958199357,0.20238095238095238,0.39999999999999997,0.0,0.0,0.0,1.0,0.0,1.0,0.0,8.85
261,0.25,0.2857142857142857,0.8995633187772925,0.380754586362063,0.6627184238301865,0.3811659192825112,0.28938906752411575,0.8214285714285714,0.7999999999999999,0.0,0.0,0.0,1.0,0.0,1.0,0.0,3.3
262,0.125,0.2857142857142857,0.8995633187772925,0.380754586362063,0.6627184238301865,0.3811659192825112,0.617363344051447,0.32142857142857145,0.3,0.0,0.0,0.0,1.0,0.0,1.0,0.0,4.25
263,0.625,0.14285714285714285,0.8886462882096069,0.48009691934925575,0.7285094406004458,0.3004484304932735,0.54983922829582,0.2857142857142857,0.3555555555555555,0.0,0.0,0.0,1.0,0.0,1.0,0.0,1.56
264,0.375,0.2857142857142857,0.9585152838427948,0.5718241606092073,0.7933622610531254,0.5650224215246636,0.6302250803858522,0.4523809523809524,0.3,0.0,0.0,0.0,1.0,0.0,1.0,0.0,6.54
265,0.375,0.2857142857142857,0.945414847161572,0.34544825199030804,0.6360971033188695,0.6367713004484304,0.639871382636656,0.46428571428571425,0.7999999999999999,0.0,0.0,0.0,1.0,0.0,1.0,0.0,0.79
266,0.625,0.4285714285714285,0.9585152838427948,0.44755970924195215,0.7027090418670108,0.9999999999999998,0.5530546623794212,0.4761904761904762,0.39999999999999997,0.0,0.0,0.0,1.0,0.0,1.0,0.0,0.17
267,0.125,0.0,0.910480349344978,0.5199030806507441,0.7626363316523984,0.6233183856502241,0.6913183279742765,0.10714285714285715,0.3,0.0,0.0,0.0,1.0,0.0,1.0,0.0,0.0
268,0.25,0.2857142857142857,0.910480349344978,0.5199030806507441,0.7626363316523984,0.6233183856502241,0.604501607717042,0.20238095238095238,0.3,0.0,0.0,0.0,1.0,0.0,1.0,0.0,0.0
269,0.375,0.2857142857142857,0.910480349344978,0.5199030806507441,0.7626363316523984,0.6233183856502241,0.5434083601286175,0.4523809523809524,0.25555555555555554,0.0,0.0,0.0,1.0,0.0,1.0,0.0,4.4
270,0.125,0.0,0.910480349344978,0.5199030806507441,0.7626363316523984,0.6233183856502241,0.6302250803858522,0.4880952380952381,0.3,0.0,0.0,0.0,1.0,0.0,1.0,0.0,0.52
271,0.875,0.5714285714285714,0.910480349344978,0.5199030806507441,0.7626363316523984,0.6233183856502241,0.5755627009646302,0.5119047619047619,0.45555555555555555,0.0,0.0,0.0,1.0,0.0,1.0,0.0,9.27
272,0.125,0.4285714285714285,0.910480349344978,0.5199030806507441,0.7626363316523984,0.6233183856502241,0.5787781350482315,0.380952380952381,0.39999999999999997,0.0,0.0,0.0,1.0,0.0,1.0,0.0,3.09
273,0.375,0.5714285714285714,0.7423580786026203,0.08584285219799237,0.40530080919432393,0.28699551569506726,0.08360128617363344,0.49999999999999994,0.9,0.0,0.0,0.0,0.0,1.0,0.0,1.0,8.98
274,0.875,0.5714285714285714,0.7336244541484715,0.0879196953963309,0.4065908291309957,0.21973094170403587,0.09324758842443731,0.5476190476190477,0.8444444444444444,0.0,0.0,0.0,0.0,1.0,1.0,0.0,11.19
275,0.375,0.5714285714285714,0.7467248908296942,0.08307372793354101,0.40354169109886245,0.07174887892376682,0.09324758842443731,0.5476190476190477,0.5000000000000001,0.0,0.0,0.0,0.0,1.0,1.0,0.0,5.38
276,0.375,0.2857142857142857,0.7641921397379914,0.07961232260297679,0.4008443766858215,0.09865470852017938,0.07717041800643087,0.07142857142857145,0.9,0.0,0.0,0.0,0.0,1.0,1.0,0.0,17.85
277,0.25,0.2857142857142857,0.7641921397379914,0.07961232260297679,0.4008443766858215,0.09865470852017938,0.07717041800643087,0.07142857142857145,0.9,0.0,0.0,0.0,0.0,1.0,1.0,0.0,10.73
278,0.375,0.2857142857142857,0.7641921397379914,0.07961232260297679,0.4008443766858215,0.09865470852017938,0.07717041800643087,0.07142857142857145,0.9,0.0,0.0,0.0,0.0,1.0,1.0,0.0,22.03
279,0.375,0.2857142857142857,0.7641921397379914,0.07961232260297679,0.4008443766858215,0.09865470852017938,0.07717041800643087,0.07142857142857145,0.9,0.0,0.0,0.0,0.0,1.0,1.0,0.0,9.77
280,0.375,0.5714285714285714,0.7489082969432315,0.08411214953271028,0.40424533833704707,0.16591928251121074,0.0,0.5238095238095237,0.5000000000000001,0.0,0.0,0.0,0.0,1.0,1.0,0.0,9.27
281,0.625,0.4285714285714285,0.7641921397379914,0.07961232260297679,0.4008443766858215,0.09865470852017938,0.09324758842443731,0.10714285714285715,0.9,0.0,0.0,0.0,0.0,1.0,1.0,0.0,24.77
282,0.625,0.14285714285714285,0.7532751091703058,0.08688127379716164,0.40530080919432393,0.13452914798206278,0.06430868167202575,0.42857142857142855,0.39999999999999997,0.0,0.0,0.0,0.0,1.0,0.0,1.0,0.0
283,0.25,0.2857142857142857,0.7969432314410481,0.014537902388369677,0.012665650287322623,0.12556053811659193,0.21221864951768493,0.23809523809523808,0.3,0.0,0.0,0.0,0.0,1.0,1.0,0.0,1.1
284,0.5,0.2857142857142857,0.759825327510917,0.008653513326410523,0.009264688636097104,0.2645739910313901,0.17041800643086819,0.369047619047619,0.8444444444444444,0.0,0.0,0.0,0.0,1.0,1.0,0.0,24.24
285,0.125,0.4285714285714285,0.9497816593886466,0.5790931118033921,0.47367186583792664,0.5336322869955157,0.6816720257234727,0.2976190476190476,0.6555555555555556,0.0,0.0,0.0,1.0,0.0,0.0,1.0,0.0
286,0.75,0.5714285714285714,0.8908296943231442,0.6254759432329524,0.5040459716195614,0.5426008968609864,0.3344051446945338,0.8928571428571428,0.7999999999999999,0.14285714285714288,0.0,0.0,1.0,0.0,1.0,0.0,0.0
287,0.75,0.2857142857142857,0.8995633187772925,0.3523710626514365,0.547672100387006,0.38565022421524664,0.639871382636656,0.4047619047619047,0.25555555555555554,0.0,0.0,0.0,1.0,0.0,0.0,1.0,0.0
288,0.75,0.2857142857142857,0.8995633187772925,0.3523710626514365,0.547672100387006,0.38565022421524664,0.707395498392283,0.20238095238095238,0.15555555555555553,0.0,0.0,0.0,1.0,0.0,0.0,1.0,0.0
289,0.75,0.2857142857142857,0.8995633187772925,0.3523710626514365,0.547672100387006,0.38565022421524664,0.7106109324758845,0.17857142857142855,0.15555555555555553,0.0,0.0,0.0,1.0,0.0,0.0,1.0,0.0
290,0.125,0.4285714285714285,0.8995633187772925,0.3523710626514365,0.547672100387006,0.38565022421524664,0.5305466237942122,0.4523809523809524,0.15555555555555553,0.0,0.0,0.0,1.0,0.0,0.0,1.0,0.0
291,1.0,0.2857142857142857,0.8995633187772925,0.3523710626514365,0.547672100387006,0.38565022421524664,0.7427652733118972,0.2857142857142857,0.055555555555555546,0.0,0.0,0.0,1.0,0.0,0.0,1.0,8.0
292,0.375,0.4285714285714285,0.8995633187772925,0.3385254413291796,0.5375864899730269,0.2645739910313901,0.6655948553054662,0.2976190476190476,0.09999999999999998,0.0,0.0,0.0,1.0,0.0,1.0,0.0,2.64
293,0.75,0.5714285714285714,0.9323144104803491,0.6161301488404292,0.49595402838043867,0.47533632286995514,0.7942122186495177,0.15476190476190477,0.5555555555555556,0.0,0.0,0.0,1.0,0.0,1.0,0.0,86.45
294,0.875,0.5714285714285714,0.9148471615720521,0.29906542056074764,0.5077987568898792,0.3632286995515695,0.4790996784565918,0.6190476190476191,0.3555555555555555,0.0,0.0,0.0,1.0,0.0,1.0,0.0,6.57
295,0.75,0.4285714285714285,0.9323144104803491,0.6161301488404292,0.49595402838043867,0.47533632286995514,0.6430868167202572,0.39285714285714285,0.09999999999999998,0.0,0.0,0.0,1.0,0.0,0.0,1.0,0.0
296,0.625,0.2857142857142857,0.8733624454148472,0.3014884042921426,0.3317696728040343,0.26905829596412556,0.3890675241157557,0.369047619047619,0.15555555555555553,0.0,0.0,0.0,1.0,0.0,0.0,1.0,0.9
297,0.875,0.5714285714285714,0.8733624454148472,0.3014884042921426,0.3317696728040343,0.26905829596412556,0.42443729903536986,0.35714285714285715,0.2,0.0,0.0,0.0,1.0,0.0,0.0,1.0,0.0
298,0.875,0.5714285714285714,0.8908296943231442,0.5032883350640359,0.43309487510261524,0.5515695067264573,0.559485530546624,0.3333333333333333,0.5000000000000001,0.0,0.0,0.0,1.0,0.0,1.0,0.0,0.0
299,0.625,0.4285714285714285,0.06550218340611358,0.2374524056767047,0.2649231851764982,0.0,0.27009646302250806,0.8928571428571428,0.25555555555555554,0.0,0.0,0.0,1.0,0.0,0.0,1.0,0.0
300,0.625,0.4285714285714285,0.8733624454148472,0.3146417445482866,0.3403307142019468,0.3183856502242152,0.594855305466238,0.11904761904761907,0.5000000000000001,0.0,0.0,0.0,1.0,0.0,1.0,0.0,0.0
301,0.625,0.4285714285714285,0.8733624454148472,0.3146417445482866,0.3403307142019468,0.3183856502242152,0.5434083601286175,0.2857142857142857,0.5555555555555556,0.0,0.0,0.0,1.0,0.0,1.0,0.0,3.52
302,0.25,0.5714285714285714,0.8886462882096069,0.31741086881273795,0.2629295180016419,0.3004484304932735,0.5466237942122187,0.2738095238095238,0.45555555555555555,0.0,0.0,0.0,1.0,0.0,1.0,0.0,0.0
303,0.25,0.5714285714285714,0.8886462882096069,0.31741086881273795,0.2629295180016419,0.3004484304932735,0.5466237942122187,0.2738095238095238,0.45555555555555555,0.0,0.0,0.0,1.0,0.0,1.0,0.0,0.0
304,0.625,0.4285714285714285,0.7576419213973797,0.08861197646244375,0.12419373753958017,0.1390134529147982,0.2926045016077171,0.9404761904761905,0.5000000000000001,0.0,0.0,1.0,0.0,0.0,0.0,1.0,0.0
305,0.0,0.2857142857142857,0.85589519650655,0.28279681550709584,0.8284273484226574,0.2376681614349776,0.5401929260450162,0.4404761904761905,0.2,0.0,1.0,0.0,0.0,0.0,0.0,1.0,0.0
306,0.75,0.2857142857142857,0.85589519650655,0.28279681550709584,0.8284273484226574,0.2376681614349776,0.4790996784565918,0.4523809523809524,0.5555555555555556,0.0,1.0,0.0,0.0,0.0,0.0,1.0,0.41
307,0.25,0.2857142857142857,0.85589519650655,0.28279681550709584,0.8284273484226574,0.2376681614349776,0.694533762057878,0.23809523809523808,0.3555555555555555,0.0,1.0,0.0,0.0,0.0,0.0,1.0,5.18
308,0.125,0.2857142857142857,0.9170305676855897,0.3579093111803392,0.8797935968101326,0.4260089686098655,0.44372990353697755,0.35714285714285715,0.15555555555555553,0.0,1.0,0.0,0.0,0.0,0.0,1.0,0.0
309,0.125,0.2857142857142857,0.9170305676855897,0.3579093111803392,0.8797935968101326,0.4260089686098655,0.729903536977492,0.14285714285714285,0.2,0.0,1.0,0.0,0.0,0.0,0.0,1.0,0.0
310,0.75,0.2857142857142857,0.9170305676855897,0.3579093111803392,0.8797935968101326,0.4260089686098655,0.7427652733118972,0.14285714285714285,0.25555555555555554,0.0,1.0,0.0,0.0,0.0,0.0,1.0,0.0
311,0.625,0.14285714285714285,0.9170305676855897,0.3579093111803392,0.8797935968101326,0.4260089686098655,0.7266881028938907,0.15476190476190477,0.15555555555555553,0.0,1.0,0.0,0.0,0.0,0.0,1.0,14.29
312,0.125,0.2857142857142857,0.0,0.15160955347871233,0.8193972088659552,0.0,0.3215434083601286,0.75,0.6555555555555556,0.0,1.0,0.0,0.0,0.0,0.0,1.0,0.0
313,0.625,0.4285714285714285,0.9213973799126638,0.39113880235375564,0.9020757593526446,0.3766816143497758,0.7106109324758845,0.14285714285714285,0.5000000000000001,0.0,1.0,0.0,0.0,0.0,1.0,0.0,0.0
314,0.375,0.2857142857142857,0.9213973799126638,0.39113880235375564,0.9020757593526446,0.3766816143497758,0.5627009646302252,0.30952380952380953,0.15555555555555553,0.0,1.0,0.0,0.0,0.0,1.0,0.0,1.58
315,0.25,0.2857142857142857,0.8908296943231442,0.4579439252336448,0.949454673390407,0.30493273542600896,0.5241157556270097,0.17857142857142855,0.25555555555555554,0.0,1.0,0.0,0.0,0.0,1.0,0.0,0.0
316,0.375,0.4285714285714285,0.9170305676855897,0.3246798200069228,0.8578632578867128,0.3677130044843049,0.527331189710611,0.10714285714285715,0.6,0.0,1.0,0.0,0.0,0.0,1.0,0.0,0.0
317,0.375,0.2857142857142857,0.9170305676855897,0.3246798200069228,0.8578632578867128,0.3677130044843049,0.5466237942122187,0.10714285714285715,0.5000000000000001,0.0,1.0,0.0,0.0,0.0,1.0,0.0,3.78
318,0.625,0.4285714285714285,0.9257641921397379,0.40359986154378674,0.9095813298932802,0.3183856502242152,0.6237942122186497,0.14285714285714285,0.2,0.0,1.0,0.0,0.0,0.0,1.0,0.0,0.0
319,0.5,0.2857142857142857,0.9257641921397379,0.40359986154378674,0.9095813298932802,0.3183856502242152,0.6237942122186497,0.15476190476190477,0.6555555555555556,0.0,1.0,0.0,0.0,0.0,1.0,0.0,4.41
320,0.625,0.14285714285714285,0.9257641921397379,0.40359986154378674,0.9095813298932802,0.3183856502242152,0.5369774919614148,0.22619047619047622,0.7555555555555555,0.0,1.0,0.0,0.0,0.0,1.0,0.0,34.36
321,0.0,0.2857142857142857,0.9257641921397379,0.40359986154378674,0.9095813298932802,0.3183856502242152,0.4694533762057879,0.15476190476190477,0.39999999999999997,0.0,1.0,0.0,0.0,0.0,1.0,0.0,7.21
322,0.625,0.4285714285714285,0.9257641921397379,0.40359986154378674,0.9095813298932802,0.3183856502242152,0.4694533762057879,0.15476190476190477,0.39999999999999997,0.0,1.0,0.0,0.0,0.0,1.0,0.0,1.01
323,0.25,0.4285714285714285,0.8799126637554586,0.4655590169608861,0.9556702239943708,0.28699551569506726,0.3440514469453377,0.2857142857142857,0.25555555555555554,0.0,1.0,0.0,0.0,0.0,1.0,0.0,2.18
324,0.625,0.4285714285714285,0.8231441048034933,0.1761855313257182,0.8432039404245338,0.2242152466367713,0.36977491961414793,0.4880952380952381,0.15555555555555553,0.0,1.0,0.0,0.0,0.0,1.0,0.0,4.42
325,0.0,0.2857142857142857,0.9126637554585155,0.34579439252336447,0.8720534771901021,0.35874439461883406,0.707395498392283,0.14285714285714285,0.3,0.0,1.0,0.0,0.0,0.0,0.0,1.0,0.0
326,0.5,0.2857142857142857,0.9126637554585155,0.34579439252336447,0.8720534771901021,0.35874439461883406,0.7041800643086817,0.14285714285714285,0.3,0.0,1.0,0.0,0.0,0.0,0.0,1.0,0.0
327,0.625,0.4285714285714285,0.9126637554585155,0.34579439252336447,0.8720534771901021,0.35874439461883406,0.6109324758842445,0.20238095238095238,0.2,0.0,1.0,0.0,0.0,0.0,0.0,1.0,0.0
328,0.625,0.4285714285714285,0.9126637554585155,0.34579439252336447,0.8720534771901021,0.35874439461883406,0.5627009646302252,0.23809523809523808,0.15555555555555553,0.0,1.0,0.0,0.0,0.0,0.0,1.0,0.0
329,0.375,0.14285714285714285,0.9126637554585155,0.34579439252336447,0.8720534771901021,0.35874439461883406,0.684887459807074,0.14285714285714285,0.39999999999999997,0.0,1.0,0.0,0.0,0.0,0.0,1.0,3.33
330,0.25,0.14285714285714285,0.9126637554585155,0.34579439252336447,0.8720534771901021,0.35874439461883406,0.707395498392283,0.14285714285714285,0.3,0.0,1.0,0.0,0.0,0.0,0.0,1.0,6.58
331,0.75,0.2857142857142857,0.8908296943231442,0.4222914503288335,0.9234197255775771,0.3632286995515695,0.6205787781350482,0.15476190476190477,0.45555555555555555,0.0,1.0,0.0,0.0,0.0,0.0,1.0,15.64
332,0.375,0.2857142857142857,0.8908296943231442,0.4222914503288335,0.9234197255775771,0.3632286995515695,0.4790996784565918,0.30952380952380953,0.2,0.0,1.0,0.0,0.0,0.0,0.0,1.0,11.22
333,0.0,0.2857142857142857,0.910480349344978,0.29525787469712705,0.8364020171220828,0.4080717488789237,0.5112540192926047,0.46428571428571425,0.3,0.0,1.0,0.0,0.0,0.0,1.0,0.0,2.13
334,0.125,0.14285714285714285,0.8995633187772925,0.36690896503980613,0.886712794652281,0.2600896860986547,0.5080385852090032,0.42857142857142855,0.5555555555555556,0.0,1.0,0.0,0.0,0.0,1.0,0.0,0.0
335,0.375,0.14285714285714285,0.8995633187772925,0.36690896503980613,0.886712794652281,0.2600896860986547,0.2443729903536978,0.8452380952380951,0.15555555555555553,0.0,1.0,0.0,0.0,0.0,1.0,0.0,0.0
336,0.75,0.2857142857142857,0.8995633187772925,0.36690896503980613,0.886712794652281,0.2600896860986547,0.54983922829582,0.3452380952380952,0.2,0.0,1.0,0.0,0.0,0.0,1.0,0.0,0.0
337,0.625,0.14285714285714285,0.8995633187772925,0.36690896503980613,0.886712794652281,0.2600896860986547,0.6688102893890677,0.22619047619047622,0.2,0.0,1.0,0.0,0.0,0.0,1.0,0.0,56.04
338,0.875,0.5714285714285714,0.8995633187772925,0.36690896503980613,0.886712794652281,0.2600896860986547,0.6591639871382637,0.23809523809523808,0.2,0.0,1.0,0.0,0.0,0.0,1.0,0.0,7.48
339,0.125,0.2857142857142857,0.8995633187772925,0.36690896503980613,0.886712794652281,0.2600896860986547,0.5852090032154342,0.30952380952380953,0.15555555555555553,0.0,1.0,0.0,0.0,0.0,1.0,0.0,1.47
340,0.125,0.4285714285714285,0.8995633187772925,0.36690896503980613,0.886712794652281,0.2600896860986547,0.54983922829582,0.3452380952380952,0.2,0.0,1.0,0.0,0.0,0.0,1.0,0.0,3.93
341,0.875,0.5714285714285714,0.9061135371179039,0.37833160263066806,0.8941010906532192,0.273542600896861,0.4340836012861737,0.42857142857142855,0.2,0.0,1.0,0.0,0.0,0.0,1.0,0.0,0.0
342,0.625,0.14285714285714285,0.8973799126637554,0.44202146071304943,0.9372581212618741,0.3183856502242152,0.5916398713826367,0.2619047619047619,0.15555555555555553,0.0,1.0,0.0,0.0,0.0,1.0,0.0,0.0
343,0.875,0.5714285714285714,0.8973799126637554,0.44202146071304943,0.9372581212618741,0.3183856502242152,0.4405144694533763,0.42857142857142855,0.45555555555555555,0.0,1.0,0.0,0.0,0.0,1.0,0.0,2.18
344,0.625,0.14285714285714285,0.8973799126637554,0.44202146071304943,0.9372581212618741,0.3183856502242152,0.3215434083601286,0.6071428571428572,0.5000000000000001,0.0,1.0,0.0,0.0,0.0,1.0,0.0,6.1
345,0.125,0.0,0.8973799126637554,0.44202146071304943,0.9372581212618741,0.3183856502242152,0.4694533762057879,0.3333333333333333,0.3,0.0,1.0,0.0,0.0,0.0,1.0,0.0,5.83
346,0.0,0.2857142857142857,0.8973799126637554,0.44202146071304943,0.9372581212618741,0.3183856502242152,0.6141479099678457,0.23809523809523808,0.2,0.0,1.0,0.0,0.0,0.0,1.0,0.0,28.19
347,0.5,0.2857142857142857,0.910480349344978,0.3343717549325026,0.8647824557288613,0.41255605381165916,0.2540192926045016,0.7142857142857142,0.3555555555555555,0.0,1.0,0.0,0.0,0.0,1.0,0.0,0.0
348,0.25,0.2857142857142857,0.910480349344978,0.3343717549325026,0.8647824557288613,0.41255605381165916,0.48874598070739556,0.49999999999999994,0.45555555555555555,0.0,1.0,0.0,0.0,0.0,1.0,0.0,0.0
349,0.5,0.2857142857142857,0.910480349344978,0.3343717549325026,0.8647824557288613,0.41255605381165916,0.3408360128617364,0.5833333333333333,0.3555555555555555,0.0,1.0,0.0,0.0,0.0,1.0,0.0,1.64
350,0.5,0.2857142857142857,0.910480349344978,0.3343717549325026,0.8647824557288613,0.41255605381165916,0.2540192926045016,0.7142857142857142,0.3555555555555555,0.0,1.0,0.0,0.0,0.0,1.0,0.0,3.71
351,0.375,0.2857142857142857,0.910480349344978,0.3343717549325026,0.8647824557288613,0.41255605381165916,0.42443729903536986,0.4523809523809524,0.6555555555555556,0.0,1.0,0.0,0.0,0.0,1.0,0.0,7.31
352,0.75,0.2857142857142857,0.910480349344978,0.3343717549325026,0.8647824557288613,0.41255605381165916,0.5916398713826367,0.3333333333333333,0.3555555555555555,0.0,1.0,0.0,0.0,0.0,1.0,0.0,2.03
353,0.75,0.2857142857142857,0.910480349344978,0.3343717549325026,0.8647824557288613,0.41255605381165916,0.5659163987138265,0.380952380952381,0.25555555555555554,0.0,1.0,0.0,0.0,0.0,1.0,0.0,1.72
354,0.75,0.2857142857142857,0.910480349344978,0.3343717549325026,0.8647824557288613,0.41255605381165916,0.5305466237942122,0.4166666666666667,0.2,0.0,1.0,0.0,0.0,0.0,1.0,0.0,5.97
355,0.375,0.2857142857142857,0.910480349344978,0.3343717549325026,0.8647824557288613,0.41255605381165916,0.5980707395498392,0.23809523809523808,0.5000000000000001,0.0,1.0,0.0,0.0,0.0,1.0,0.0,13.06
356,0.375,0.2857142857142857,0.910480349344978,0.3343717549325026,0.8647824557288613,0.41255605381165916,0.5980707395498392,0.23809523809523808,0.5000000000000001,0.0,1.0,0.0,0.0,0.0,1.0,0.0,1.26
357,0.625,0.14285714285714285,0.9192139737991267,0.4139840775354794,0.916852351354521,0.4394618834080717,0.4405144694533763,0.4761904761904762,0.3555555555555555,0.0,1.0,0.0,0.0,0.0,1.0,0.0,0.0
358,0.625,0.14285714285714285,0.9192139737991267,0.4139840775354794,0.916852351354521,0.4394618834080717,0.5627009646302252,0.2857142857142857,0.25555555555555554,0.0,1.0,0.0,0.0,0.0,1.0,0.0,0.0
359,0.0,0.2857142857142857,0.9192139737991267,0.4139840775354794,0.916852351354521,0.4394618834080717,0.6077170418006432,0.2857142857142857,0.2,0.0,1.0,0.0,0.0,0.0,1.0,0.0,8.12
360,0.625,0.4285714285714285,0.9192139737991267,0.4139840775354794,0.916852351354521,0.4394618834080717,0.5209003215434085,0.32142857142857145,0.2,0.0,1.0,0.0,0.0,0.0,1.0,0.0,1.09
361,0.375,0.14285714285714285,0.9192139737991267,0.4139840775354794,0.916852351354521,0.4394618834080717,0.4855305466237943,0.35714285714285715,0.39999999999999997,0.0,1.0,0.0,0.0,0.0,1.0,0.0,3.94
362,0.75,0.2857142857142857,0.8253275109170306,0.1827622014537902,0.8495367655681951,0.5022421524663676,0.41800643086816724,0.5833333333333333,0.3,0.0,1.0,0.0,0.0,0.0,1.0,0.0,0.52
363,0.375,0.14285714285714285,0.9061135371179039,0.37833160263066806,0.8941010906532192,0.273542600896861,0.4405144694533763,0.4523809523809524,0.2,0.0,1.0,0.0,0.0,0.0,1.0,0.0,2.93
364,0.625,0.4285714285714285,0.9061135371179039,0.37833160263066806,0.8941010906532192,0.273542600896861,0.6077170418006432,0.23809523809523808,0.25555555555555554,0.0,1.0,0.0,0.0,0.0,1.0,0.0,5.65
365,0.625,0.4285714285714285,0.9061135371179039,0.37833160263066806,0.8941010906532192,0.273542600896861,0.559485530546624,0.35714285714285715,0.3,0.0,1.0,0.0,0.0,0.0,1.0,0.0,20.03
366,0.375,0.4285714285714285,0.8886462882096069,0.44963655244029077,0.9431218482467457,0.5426008968609864,0.4405144694533763,0.2738095238095238,0.5555555555555556,0.0,1.0,0.0,0.0,0.0,1.0,0.0,1.75
367,0.375,0.4285714285714285,0.8886462882096069,0.44963655244029077,0.9431218482467457,0.5426008968609864,0.4565916398713827,0.14285714285714285,0.3555555555555555,0.0,1.0,0.0,0.0,0.0,1.0,0.0,0.0
368,0.625,0.4285714285714285,0.8908296943231442,0.3181031498788508,0.8637269848715844,0.35874439461883406,0.4694533762057879,0.380952380952381,0.5000000000000001,0.0,1.0,0.0,0.0,0.0,0.0,1.0,12.64
369,0.375,0.4285714285714285,0.8864628820960698,0.9480789200415367,0.9583675384074118,0.3004484304932735,0.37299035369774924,0.7380952380952381,0.7999999999999999,0.0,1.0,0.0,0.0,0.0,0.0,1.0,0.0
370,0.75,0.2857142857142857,0.8864628820960698,0.9480789200415367,0.9583675384074118,0.3004484304932735,0.37299035369774924,0.7380952380952381,0.7999999999999999,0.0,1.0,0.0,0.0,0.0,0.0,1.0,11.06
371,0.25,0.2857142857142857,0.9061135371179039,0.45413637937002416,0.6011492904890349,0.34080717488789236,0.38585209003215437,0.5119047619047619,0.39999999999999997,0.0,0.0,0.0,1.0,0.0,1.0,0.0,0.0
372,0.375,0.4285714285714285,0.908296943231441,0.695050190377293,0.7700246276533365,0.34529147982062774,0.2636655948553055,0.7142857142857142,0.055555555555555546,0.0,0.0,0.0,1.0,0.0,0.0,1.0,0.0
373,0.5,0.2857142857142857,0.9694323144104802,0.7615091727241259,0.8100152456901607,0.6053811659192825,0.581993569131833,0.32142857142857145,0.25555555555555554,0.0,0.0,0.0,1.0,0.0,1.0,0.0,0.0
374,0.625,0.4285714285714285,0.8711790393013099,0.9955001730702663,0.993784449396036,0.31390134529147984,0.26045016077170424,0.75,0.39999999999999997,0.0,1.0,0.0,0.0,0.0,1.0,0.0,18.3
375,0.625,0.4285714285714285,0.8908296943231442,0.3181031498788508,0.8637269848715844,0.35874439461883406,0.42443729903536986,0.49999999999999994,0.5000000000000001,0.0,1.0,0.0,0.0,0.0,0.0,1.0,39.35
376,0.875,0.5714285714285714,0.910480349344978,0.7082035306334371,0.7795238653688285,0.3497757847533632,0.6077170418006432,0.46428571428571425,0.2,0.0,0.0,0.0,1.0,0.0,1.0,0.0,0.0
377,0.125,0.0,0.945414847161572,0.7916233991000344,0.8293655447402369,0.35874439461883406,0.6334405144694535,0.32142857142857145,0.2,0.0,0.0,0.0,1.0,0.0,0.0,1.0,174.63
378,0.625,0.4285714285714285,0.884279475982533,0.05711318795430945,0.026621320511316993,0.34080717488789236,0.20900321543408362,0.42857142857142855,0.6,0.0,0.0,1.0,0.0,0.0,1.0,0.0,0.0
380,0.5,0.2857142857142857,0.945414847161572,0.34233298719280025,0.5287908994957196,0.5156950672645739,0.54983922829582,0.2857142857142857,0.7555555555555555,0.0,0.0,0.0,1.0,0.0,1.0,0.0,7.73
381,0.875,0.5714285714285714,0.8799126637554586,0.6635514018691587,0.7448106016183886,0.28699551569506726,0.45016077170418006,0.5714285714285714,0.25555555555555554,0.0,0.0,0.0,1.0,0.0,1.0,0.0,16.33
382,0.875,0.5714285714285714,0.9781659388646289,0.7452405676704741,0.7999296352761815,0.7892376681614349,0.8360128617363345,0.16666666666666669,0.15555555555555553,0.0,0.0,0.0,1.0,0.0,1.0,0.0,5.86
383,1.0,0.5714285714285714,0.8995633187772925,0.8515057113187953,0.874750791603143,0.2645739910313901,0.5884244372990355,0.5119047619047619,0.25555555555555554,0.0,0.0,0.0,1.0,0.0,1.0,0.0,42.87
384,0.875,0.2857142857142857,0.8995633187772925,0.9394254067151262,0.9513310660255659,0.3273542600896861,0.6141479099678457,0.3452380952380952,0.45555555555555555,0.0,0.0,0.0,1.0,0.0,0.0,1.0,12.18
385,0.125,0.2857142857142857,0.8995633187772925,0.619245413637937,0.7096282397091592,0.32286995515695066,0.6012861736334405,0.4166666666666667,0.2,0.0,0.0,0.0,1.0,0.0,0.0,1.0,16.0
386,0.25,0.2857142857142857,0.8755458515283843,0.3264105226722049,0.8708807317931277,0.4932735426008969,0.5916398713826367,0.4761904761904762,0.5555555555555556,0.0,1.0,0.0,0.0,0.0,0.0,1.0,24.59
387,0.5,0.4285714285714285,0.884279475982533,0.05711318795430945,0.026621320511316993,0.34080717488789236,0.30225080385852093,0.39285714285714285,0.5555555555555556,0.0,0.0,1.0,0.0,0.0,1.0,0.0,0.0
388,0.625,0.2857142857142857,0.9694323144104802,0.7774316372447212,0.8195144834056527,0.5201793721973094,0.6784565916398715,0.22619047619047622,0.3,0.0,0.0,0.0,1.0,0.0,1.0,0.0,28.74
389,0.75,0.2857142857142857,0.9694323144104802,0.7774316372447212,0.8195144834056527,0.5201793721973094,0.6784565916398715,0.22619047619047622,0.3,0.0,0.0,0.0,1.0,0.0,1.0,0.0,0.0
390,0.75,0.2857142857142857,0.7489082969432315,0.02457597784700588,0.059106368007505565,0.16591928251121074,0.17041800643086819,0.6666666666666667,0.6555555555555556,0.0,0.0,0.0,0.0,1.0,1.0,0.0,9.96
391,0.875,0.5714285714285714,0.8886462882096069,0.30771893388715815,0.8563386888706462,0.30493273542600896,0.594855305466238,0.369047619047619,0.25555555555555554,0.0,1.0,0.0,0.0,0.0,1.0,0.0,30.18
392,0.0,0.14285714285714285,0.8864628820960698,0.9480789200415367,0.9583675384074118,0.3004484304932735,0.6334405144694535,0.3333333333333333,0.39999999999999997,0.0,1.0,0.0,0.0,0.0,0.0,1.0,70.76
393,0.125,0.2857142857142857,0.9388646288209608,0.04361370716510903,0.020757593526445413,0.4932735426008969,0.41800643086816724,0.047619047619047616,0.7999999999999999,0.0,0.0,1.0,0.0,0.0,1.0,0.0,0.0
394,0.625,0.4285714285714285,0.7358078602620086,0.0076150917272412594,0.045502521402603496,0.08071748878923768,0.09967845659163987,0.6309523809523809,0.15555555555555553,0.0,0.0,0.0,0.0,1.0,1.0,0.0,0.0
395,0.375,0.4285714285714285,0.7554585152838429,0.02284527518172378,0.05746452445174153,0.1390134529147982,0.2540192926045016,0.5595238095238095,0.15555555555555553,0.0,0.0,0.0,0.0,1.0,0.0,1.0,51.78
396,0.375,0.14285714285714285,0.8755458515283843,0.3264105226722049,0.8708807317931277,0.4932735426008969,0.5852090032154342,0.4761904761904762,0.5000000000000001,0.0,1.0,0.0,0.0,0.0,0.0,1.0,3.64
397,0.5,0.5714285714285714,0.8995633187772925,0.619245413637937,0.7096282397091592,0.32286995515695066,0.7106109324758845,0.2142857142857143,0.3555555555555555,0.0,0.0,0.0,1.0,0.0,0.0,1.0,3.63
398,0.0,0.0,0.945414847161572,0.7916233991000344,0.8293655447402369,0.35874439461883406,0.762057877813505,0.20238095238095238,0.3,0.0,0.0,0.0,1.0,0.0,0.0,1.0,0.0
399,1.0,0.4285714285714285,0.9366812227074237,0.16303219106957423,0.33986161604315707,0.6098654708520178,0.829581993569132,0.22619047619047622,0.45555555555555555,0.0,0.0,0.0,1.0,0.0,1.0,0.0,0.0
400,1.0,0.4285714285714285,0.9366812227074237,0.16303219106957423,0.33986161604315707,0.6098654708520178,0.829581993569132,0.22619047619047622,0.45555555555555555,0.0,0.0,0.0,1.0,0.0,1.0,0.0,8.16
401,0.25,0.2857142857142857,0.8886462882096069,0.29698857736240913,0.8488331183300106,0.3542600896860987,0.662379421221865,0.369047619047619,0.39999999999999997,0.0,1.0,0.0,0.0,0.0,1.0,0.0,4.95
402,1.0,0.9999999999999999,0.9694323144104802,0.7774316372447212,0.8195144834056527,0.5201793721973094,0.7331189710610932,0.25,0.39999999999999997,0.0,0.0,0.0,1.0,0.0,1.0,0.0,0.0
403,0.875,0.5714285714285714,0.8799126637554586,0.6635514018691587,0.7448106016183886,0.28699551569506726,0.6141479099678457,0.30952380952380953,0.3555555555555555,0.0,0.0,0.0,1.0,0.0,1.0,0.0,0.0
404,0.125,0.2857142857142857,0.8187772925764194,0.2852197992384908,0.8410929987099801,0.14798206278026907,0.6302250803858522,0.22619047619047622,0.2,0.0,1.0,0.0,0.0,0.0,1.0,0.0,6.04
405,0.125,0.0,0.965065502183406,0.7258566978193145,0.7892576521637152,0.4080717488789237,0.8263665594855307,0.14285714285714285,0.2,0.0,0.0,0.0,1.0,0.0,1.0,0.0,0.0
406,0.625,0.4285714285714285,0.8013100436681222,0.9999999999999999,1.0,0.16143497757847533,0.47588424437299043,0.6190476190476191,0.5000000000000001,0.0,1.0,0.0,0.0,0.0,0.0,1.0,3.95
407,0.375,0.4285714285714285,0.7489082969432315,0.020076150917272412,0.05523630819749032,0.11210762331838564,0.38585209003215437,0.369047619047619,0.39999999999999997,0.0,0.0,0.0,0.0,1.0,0.0,1.0,0.0
408,0.375,0.14285714285714285,0.8711790393013099,0.9955001730702663,0.993784449396036,0.31390134529147984,0.5691318327974277,0.3452380952380952,0.3,0.0,1.0,0.0,0.0,0.0,1.0,0.0,7.8
409,0.0,0.2857142857142857,0.9148471615720521,0.3246798200069228,0.5187052890817404,0.5246636771300447,0.6816720257234727,0.19047619047619047,0.5555555555555556,0.0,0.0,0.0,1.0,0.0,1.0,0.0,0.0
410,0.625,0.14285714285714285,0.7358078602620086,0.016960886119764623,0.05265626832414683,0.1031390134529148,0.4019292604501608,0.32142857142857145,0.25555555555555554,0.0,0.0,0.0,0.0,1.0,1.0,0.0,0.0
411,0.75,0.2857142857142857,0.7467248908296942,0.0027691242644513683,0.04186701067198311,0.13004484304932734,0.19292604501607719,0.4523809523809524,1.0,0.0,0.0,0.0,0.0,1.0,1.0,0.0,4.62
412,1.0,0.2857142857142857,0.9148471615720521,0.3104880581516095,0.5092060513662484,0.42152466367713004,0.662379421221865,0.14285714285714285,0.45555555555555555,0.0,0.0,0.0,1.0,0.0,1.0,0.0,1.63
413,0.75,0.4285714285714285,0.945414847161572,0.7916233991000344,0.8293655447402369,0.35874439461883406,0.7781350482315113,0.2142857142857143,0.3555555555555555,0.0,0.0,0.0,1.0,0.0,0.0,1.0,0.0
414,0.5,0.2857142857142857,0.9432314410480349,0.8054690204222913,0.8387475079160315,0.4349775784753363,0.7041800643086817,0.4166666666666667,0.39999999999999997,0.0,0.0,0.0,1.0,0.0,0.0,1.0,0.0
416,0.625,0.14285714285714285,0.9235807860262009,0.5597092419522325,0.6660021109417146,0.3811659192825112,0.77491961414791,0.2857142857142857,0.3,0.0,0.0,0.0,1.0,0.0,1.0,0.0,7.02
417,0.625,0.4285714285714285,0.9388646288209608,0.05157493942540672,0.023924006098276066,0.4260089686098655,0.37299035369774924,0.10714285714285715,0.6,0.0,0.0,1.0,0.0,0.0,1.0,0.0,0.0
418,0.125,0.2857142857142857,0.908296943231441,0.695050190377293,0.7700246276533365,0.34529147982062774,0.729903536977492,0.32142857142857145,0.5555555555555556,0.0,0.0,0.0,1.0,0.0,0.0,1.0,2.44
419,0.125,0.4285714285714285,0.8995633187772925,0.619245413637937,0.7096282397091592,0.32286995515695066,0.7266881028938907,0.25,0.39999999999999997,0.0,0.0,0.0,1.0,0.0,0.0,1.0,3.05
420,0.875,0.8571428571428571,0.9017467248908297,0.6542056074766355,0.736484109299871,0.3318385650224215,0.7717041800643087,0.25,0.45555555555555555,0.0,0.0,0.0,1.0,0.0,1.0,0.0,185.76
421,0.125,0.2857142857142857,0.9781659388646289,0.7452405676704741,0.7999296352761815,0.7892376681614349,0.919614147909968,0.047619047619047616,0.45555555555555555,0.0,0.0,0.0,1.0,0.0,1.0,0.0,0.0
422,0.875,0.5714285714285714,0.8406113537117905,0.9023883696780892,0.9241233728157617,0.21524663677130046,0.8713826366559487,0.14285714285714285,0.3555555555555555,0.0,0.0,0.0,1.0,0.0,0.0,1.0,6.3
423,0.0,0.14285714285714285,0.8908296943231442,0.3181031498788508,0.8637269848715844,0.35874439461883406,0.6463022508038587,0.39285714285714285,0.39999999999999997,0.0,1.0,0.0,0.0,0.0,0.0,1.0,0.72
424,0.875,0.5714285714285714,0.945414847161572,0.7916233991000344,0.8293655447402369,0.35874439461883406,0.7942122186495177,0.19047619047619047,0.3555555555555555,0.0,0.0,0.0,1.0,0.0,0.0,1.0,4.96
425,0.125,0.0,0.8995633187772925,0.8515057113187953,0.874750791603143,0.2645739910313901,0.5852090032154342,0.4880952380952381,0.2,0.0,0.0,0.0,1.0,0.0,1.0,0.0,0.0
426,0.875,0.5714285714285714,0.8995633187772925,0.8515057113187953,0.874750791603143,0.2645739910313901,0.5852090032154342,0.4880952380952381,0.2,0.0,0.0,0.0,1.0,0.0,1.0,0.0,0.0
427,0.125,0.2857142857142857,0.910480349344978,0.7082035306334371,0.7795238653688285,0.3497757847533632,0.8263665594855307,0.2142857142857143,0.2,0.0,0.0,0.0,1.0,0.0,1.0,0.0,2.35
428,0.0,0.14285714285714285,0.9694323144104802,0.7615091727241259,0.8100152456901607,0.6053811659192825,0.7717041800643087,0.22619047619047622,0.6,0.0,0.0,0.0,1.0,0.0,1.0,0.0,0.0
429,0.25,0.2857142857142857,0.8995633187772925,0.619245413637937,0.7096282397091592,0.32286995515695066,0.7202572347266882,0.3452380952380952,0.39999999999999997,0.0,0.0,0.0,1.0,0.0,0.0,1.0,3.2
430,0.75,0.2857142857142857,0.8580786026200875,0.9858082381446865,0.9867479770141903,0.28699551569506726,0.5530546623794212,0.35714285714285715,0.3555555555555555,0.0,1.0,0.0,0.0,0.0,1.0,0.0,0.0
431,0.0,0.14285714285714285,0.910480349344978,0.607822776047075,0.7005981001524569,0.41255605381165916,0.6784565916398715,0.2976190476190476,0.39999999999999997,0.0,0.0,0.0,1.0,0.0,0.0,1.0,6.36
432,0.875,0.5714285714285714,0.9694323144104802,0.7615091727241259,0.8100152456901607,0.6053811659192825,0.6977491961414792,0.2738095238095238,0.7000000000000001,0.0,0.0,0.0,1.0,0.0,1.0,0.0,0.0
433,0.125,0.2857142857142857,0.9432314410480349,0.8054690204222913,0.8387475079160315,0.4349775784753363,0.6012861736334405,0.6071428571428572,0.5000000000000001,0.0,0.0,0.0,1.0,0.0,0.0,1.0,15.34
434,0.0,0.2857142857142857,0.8777292576419213,0.9255797853928694,0.9420663773894689,0.22869955156950672,0.6430868167202572,0.35714285714285715,0.3555555555555555,0.0,0.0,0.0,1.0,0.0,1.0,0.0,0.0
435,0.125,0.4285714285714285,0.8820960698689955,0.2848736587054344,0.4323912278644307,0.2331838565022421,0.694533762057878,0.42857142857142855,0.15555555555555553,0.0,0.0,0.0,1.0,0.0,0.0,1.0,0.0
436,0.875,0.5714285714285714,0.910480349344978,0.7082035306334371,0.7795238653688285,0.3497757847533632,0.7909967845659165,0.23809523809523808,0.09999999999999998,0.0,0.0,0.0,1.0,0.0,1.0,0.0,0.54
437,0.875,0.5714285714285714,0.8515283842794761,0.8695050190377291,0.891872874398968,0.41704035874439455,0.38585209003215437,0.6904761904761905,0.25555555555555554,0.0,0.0,0.0,1.0,0.0,0.0,1.0,0.0
438,0.125,0.4285714285714285,0.945414847161572,0.7916233991000344,0.8293655447402369,0.35874439461883406,0.6881028938906755,0.4523809523809524,0.39999999999999997,0.0,0.0,0.0,1.0,0.0,0.0,1.0,6.43
439,0.0,0.14285714285714285,0.8886462882096069,0.30771893388715815,0.8563386888706462,0.30493273542600896,0.5434083601286175,0.369047619047619,0.2,0.0,1.0,0.0,0.0,0.0,1.0,0.0,0.33
440,0.5,0.2857142857142857,0.8711790393013099,0.9955001730702663,0.993784449396036,0.31390134529147984,0.45016077170418006,0.5119047619047619,0.3555555555555555,0.0,1.0,0.0,0.0,0.0,1.0,0.0,0.0
441,0.875,0.5714285714285714,0.910480349344978,0.7082035306334371,0.7795238653688285,0.3497757847533632,0.7491961414790997,0.16666666666666669,0.15555555555555553,0.0,0.0,0.0,1.0,0.0,1.0,0.0,1.23
442,0.625,0.4285714285714285,0.8187772925764194,0.0778816199376947,0.039521519878034476,0.14798206278026907,0.27974276527331193,0.5833333333333333,0.3,0.0,0.0,1.0,0.0,0.0,1.0,0.0,3.35
443,0.0,0.0,0.8799126637554586,0.2717203184492904,0.42265744106954384,0.7354260089686098,0.4051446945337621,0.75,0.8444444444444444,0.0,0.0,0.0,1.0,0.0,1.0,0.0,0.0
444,0.125,0.4285714285714285,0.8711790393013099,0.9955001730702663,0.993784449396036,0.31390134529147984,0.45016077170418006,0.5119047619047619,0.3555555555555555,0.0,1.0,0.0,0.0,0.0,1.0,0.0,9.96
445,0.5,0.4285714285714285,0.9519650655021832,0.15749394254067148,0.10883077283921662,0.4618834080717488,0.4855305466237943,0.7738095238095237,0.45555555555555555,0.0,0.0,0.0,1.0,0.0,0.0,1.0,0.0
446,0.625,0.4285714285714285,0.908296943231441,0.695050190377293,0.7700246276533365,0.34529147982062774,0.5434083601286175,0.6547619047619047,0.2,0.0,0.0,0.0,1.0,0.0,0.0,1.0,0.0
447,0.25,0.2857142857142857,0.9388646288209608,0.05157493942540672,0.023924006098276066,0.4260089686098655,0.21543408360128619,0.23809523809523808,0.8444444444444444,0.0,0.0,1.0,0.0,0.0,1.0,0.0,0.0
448,0.75,0.2857142857142857,0.8580786026200875,0.9778470058843889,0.9805324264102264,0.4349775784753363,0.2668810289389068,0.7380952380952381,0.39999999999999997,0.0,1.0,0.0,0.0,0.0,1.0,0.0,0.0
449,0.75,0.2857142857142857,0.8995633187772925,0.619245413637937,0.7096282397091592,0.32286995515695066,0.54983922829582,0.5476190476190477,0.5000000000000001,0.0,0.0,0.0,1.0,0.0,0.0,1.0,0.0
450,0.375,0.4285714285714285,0.9781659388646289,0.7452405676704741,0.7999296352761815,0.7892376681614349,0.6816720257234727,0.4047619047619047,0.5555555555555556,0.0,0.0,0.0,1.0,0.0,1.0,0.0,6.43
451,0.0,0.2857142857142857,0.8755458515283843,0.6728971962616822,0.7529025448575114,0.7130044843049327,0.30868167202572355,0.8690476190476188,0.5000000000000001,0.0,0.0,0.0,1.0,0.0,1.0,0.0,9.71
452,0.75,0.2857142857142857,0.8973799126637554,0.8161993769470404,0.8475430983933389,0.3183856502242152,0.49839228295819943,0.5952380952380951,0.39999999999999997,0.0,0.0,0.0,1.0,0.0,1.0,0.0,0.0
453,0.375,0.4285714285714285,0.8515283842794761,0.9131187262028382,0.9328016887533717,0.2331838565022421,0.48874598070739556,0.46428571428571425,0.3,0.0,0.0,0.0,1.0,0.0,1.0,0.0,0.0
454,0.25,0.2857142857142857,0.8995633187772925,0.8515057113187953,0.874750791603143,0.2645739910313901,0.4694533762057879,0.4880952380952381,0.3,0.0,0.0,0.0,1.0,0.0,1.0,0.0,0.0
455,0.25,0.2857142857142857,0.965065502183406,0.5455174800969192,0.6559165005277355,0.7309417040358743,0.504823151125402,0.39285714285714285,0.25555555555555554,0.0,0.0,0.0,1.0,0.0,1.0,0.0,0.0
456,0.125,0.2857142857142857,0.8995633187772925,0.8515057113187953,0.874750791603143,0.2645739910313901,0.4630225080385853,0.5238095238095237,0.25555555555555554,0.0,0.0,0.0,1.0,0.0,1.0,0.0,0.0
457,0.0,0.2857142857142857,0.9017467248908297,0.6542056074766355,0.736484109299871,0.3318385650224215,0.5691318327974277,0.4166666666666667,0.39999999999999997,0.0,0.0,0.0,1.0,0.0,1.0,0.0,82.75
458,0.875,0.5714285714285714,0.945414847161572,0.7916233991000344,0.8293655447402369,0.35874439461883406,0.5369774919614148,0.5833333333333333,0.5000000000000001,0.0,0.0,0.0,1.0,0.0,0.0,1.0,3.32
459,0.75,0.2857142857142857,0.8995633187772925,0.9394254067151262,0.9513310660255659,0.3273542600896861,0.4276527331189711,0.6785714285714286,0.8444444444444444,0.0,0.0,0.0,1.0,0.0,0.0,1.0,1.94
460,0.125,0.4285714285714285,0.945414847161572,0.7916233991000344,0.8293655447402369,0.35874439461883406,0.5369774919614148,0.5833333333333333,0.5000000000000001,0.0,0.0,0.0,1.0,0.0,0.0,1.0,0.0
461,0.875,0.5714285714285714,0.945414847161572,0.7916233991000344,0.8293655447402369,0.35874439461883406,0.5369774919614148,0.5833333333333333,0.5000000000000001,0.0,0.0,0.0,1.0,0.0,0.0,1.0,0.0
462,0.0,0.2857142857142857,0.8864628820960698,0.9480789200415367,0.9583675384074118,0.3004484304932735,0.39549839228295824,0.726190476190476,0.7999999999999999,0.0,1.0,0.0,0.0,0.0,0.0,1.0,3.71
463,0.625,0.4285714285714285,0.5393013100436681,0.006922810661128419,0.00973378679488683,0.06726457399103139,0.07717041800643087,0.7976190476190477,0.6555555555555556,0.0,0.0,0.0,0.0,1.0,1.0,0.0,5.39
464,0.625,0.2857142857142857,0.5393013100436681,0.006922810661128419,0.00973378679488683,0.06726457399103139,0.09324758842443731,0.7380952380952381,0.5555555555555556,0.0,0.0,0.0,0.0,1.0,1.0,0.0,2.14
465,0.125,0.0,0.6353711790393013,0.0041536863966770525,0.008678315937609945,0.06278026905829596,0.07717041800643087,0.5238095238095237,0.055555555555555546,0.0,0.0,0.0,0.0,1.0,0.0,1.0,6.84
466,0.625,0.4285714285714285,0.8034934497816595,0.04395984769816545,0.03400961651225519,0.3004484304932735,0.25723472668810293,0.35714285714285715,0.6,0.0,0.0,1.0,0.0,0.0,1.0,0.0,3.18
467,0.25,0.2857142857142857,0.8689956331877731,0.055728625822083766,0.03893514717954732,0.3094170403587444,0.28938906752411575,0.30952380952380953,0.5555555555555556,0.0,0.0,1.0,0.0,0.0,1.0,0.0,5.55
468,0.625,0.4285714285714285,0.8930131004366813,0.06299757701626861,0.04174973613228568,0.3632286995515695,0.35691318327974286,0.14285714285714285,0.3555555555555555,0.0,0.0,1.0,0.0,0.0,1.0,0.0,6.61
469,0.625,0.14285714285714285,0.8864628820960698,0.042229145032883345,0.020757593526445413,0.5336322869955157,0.36977491961414793,0.2142857142857143,1.0,0.0,0.0,1.0,0.0,0.0,0.0,1.0,61.13
470,0.5,0.2857142857142857,0.8864628820960698,0.042229145032883345,0.020757593526445413,0.5336322869955157,0.4951768488745982,0.14285714285714285,0.6,0.0,0.0,1.0,0.0,0.0,0.0,1.0,0.0
471,0.375,0.14285714285714285,0.85589519650655,0.07961232260297679,0.07716664712091006,0.2376681614349776,0.5080385852090032,0.2976190476190476,0.39999999999999997,0.0,0.0,1.0,0.0,0.0,1.0,0.0,38.48
472,0.875,0.14285714285714285,0.8253275109170306,0.3246798200069228,0.2592940072710215,0.19282511210762332,0.3890675241157557,0.7619047619047619,0.39999999999999997,0.0,0.0,0.0,1.0,0.0,1.0,0.0,1.94
473,1.0,0.2857142857142857,0.8755458515283843,0.20318449290411905,0.2869707986396154,0.40358744394618834,0.717041800643087,0.4166666666666667,0.3,0.0,0.0,0.0,1.0,0.0,0.0,1.0,70.32
474,0.375,0.14285714285714285,0.9301310043668121,0.35098650051921076,0.36214377858566904,0.4663677130044843,0.7781350482315113,0.23809523809523808,0.25555555555555554,0.0,0.0,0.0,1.0,0.0,1.0,0.0,10.08
475,0.125,0.4285714285714285,0.945414847161572,0.4129456559363101,0.40143074938430867,0.7892376681614349,0.6591639871382637,0.2976190476190476,1.0,0.0,0.0,0.0,1.0,0.0,1.0,0.0,3.19
476,0.375,0.14285714285714285,0.9410480349344978,0.2869505019037729,0.4539697431687581,0.4260089686098655,0.8038585209003217,0.15476190476190477,0.09999999999999998,0.0,0.0,0.0,1.0,0.0,1.0,0.0,1.76
477,0.375,0.14285714285714285,0.945414847161572,0.34233298719280025,0.4872757124428287,0.6412556053811658,0.7684887459807075,0.35714285714285715,0.39999999999999997,0.0,0.0,0.0,1.0,0.0,0.0,1.0,7.36
478,0.75,0.2857142857142857,0.945414847161572,0.34233298719280025,0.4872757124428287,0.6412556053811658,0.5144694533762058,0.7976190476190477,0.45555555555555555,0.0,0.0,0.0,1.0,0.0,0.0,1.0,2.21
479,0.75,0.2857142857142857,0.8471615720524017,0.3513326410522672,0.4968922246980181,0.26905829596412556,0.6559485530546625,0.49999999999999994,0.5000000000000001,0.0,0.0,0.0,1.0,0.0,1.0,0.0,278.53
480,1.0,0.9999999999999999,0.9344978165938866,0.38767739702319143,0.6474727336695204,0.4080717488789237,0.9003215434083602,0.11904761904761907,0.45555555555555555,0.0,0.0,0.0,1.0,0.0,1.0,0.0,2.75
481,0.375,0.14285714285714285,0.9344978165938866,0.38767739702319143,0.6474727336695204,0.4080717488789237,0.9003215434083602,0.08333333333333331,0.5000000000000001,0.0,0.0,0.0,1.0,0.0,1.0,0.0,0.0
482,0.25,0.2857142857142857,0.9716157205240177,0.44271374177916234,0.6792541339275244,0.6143497757847532,0.6816720257234727,0.2976190476190476,0.6,0.0,0.0,0.0,1.0,0.0,0.0,1.0,1.29
483,0.875,0.5714285714285714,0.9716157205240177,0.44271374177916234,0.6792541339275244,0.6143497757847532,0.9260450160771705,0.14285714285714285,0.5555555555555556,0.0,0.0,0.0,1.0,0.0,0.0,1.0,0.0
484,0.125,0.4285714285714285,0.9716157205240177,0.44271374177916234,0.6792541339275244,0.6143497757847532,0.9935691318327977,0.11904761904761907,0.39999999999999997,0.0,0.0,0.0,1.0,0.0,0.0,1.0,26.43
485,0.125,0.2857142857142857,0.9737991266375547,0.4607130494980962,0.6900433915796881,0.937219730941704,0.9131832797427655,0.15476190476190477,0.3555555555555555,0.0,0.0,0.0,1.0,0.0,1.0,0.0,2.07
486,0.5,0.2857142857142857,0.9759825327510914,0.48078920041536866,0.7011844728509441,0.7757847533632286,0.7041800643086817,0.3333333333333333,0.6555555555555556,0.0,0.0,0.0,1.0,0.0,1.0,0.0,2.0
487,0.5,0.2857142857142857,0.9759825327510914,0.48078920041536866,0.7011844728509441,0.7757847533632286,0.7781350482315113,0.22619047619047622,0.3555555555555555,0.0,0.0,0.0,1.0,0.0,1.0,0.0,16.4
488,0.375,0.2857142857142857,0.9759825327510914,0.48078920041536866,0.7011844728509441,0.7757847533632286,0.5530546623794212,0.6666666666666667,0.7999999999999999,0.0,0.0,0.0,1.0,0.0,1.0,0.0,46.7
489,0.375,0.2857142857142857,0.9759825327510914,0.48078920041536866,0.7011844728509441,0.7757847533632286,0.5916398713826367,0.5119047619047619,0.09999999999999998,0.0,0.0,0.0,1.0,0.0,1.0,0.0,0.0
490,0.375,0.2857142857142857,0.9759825327510914,0.48078920041536866,0.7011844728509441,0.7757847533632286,0.852090032154341,0.2142857142857143,0.39999999999999997,0.0,0.0,0.0,1.0,0.0,1.0,0.0,0.0
491,0.375,0.2857142857142857,0.9912663755458513,0.5178262374524055,0.7226457136155742,0.600896860986547,0.9710610932475885,0.07142857142857145,0.45555555555555555,0.0,0.0,0.0,1.0,0.0,1.0,0.0,0.0
492,0.0,0.14285714285714285,0.9934497816593888,0.5385946694357908,0.7337867948868302,0.48878923766816146,0.9710610932475885,0.14285714285714285,0.2,0.0,0.0,0.0,1.0,0.0,1.0,0.0,0.0
493,0.0,0.14285714285714285,0.9934497816593888,0.5385946694357908,0.7337867948868302,0.48878923766816146,0.8135048231511255,0.16666666666666669,0.45555555555555555,0.0,0.0,0.0,1.0,0.0,1.0,0.0,43.32
494,0.625,0.5714285714285714,0.9956331877729259,0.5593631014191761,0.7448106016183886,0.6098654708520178,0.919614147909968,0.17857142857142855,0.5000000000000001,0.0,0.0,0.0,1.0,0.0,0.0,1.0,8.59
495,0.625,0.5714285714285714,1.0,0.5991692627206645,0.7668582150815058,0.7354260089686098,0.6977491961414792,0.32142857142857145,0.2,0.0,0.0,0.0,1.0,0.0,1.0,0.0,0.0
496,0.375,0.4285714285714285,1.0,0.5991692627206645,0.7668582150815058,0.7354260089686098,0.9774919614147912,0.130952380952381,0.3,0.0,0.0,0.0,1.0,0.0,1.0,0.0,2.77
497,0.25,0.2857142857142857,0.9978165938864629,0.618553132571824,0.7778820218130644,0.6233183856502241,0.9678456591639872,0.14285714285714285,0.2,0.0,0.0,0.0,1.0,0.0,1.0,0.0,14.68
498,0.625,0.4285714285714285,0.9978165938864629,0.618553132571824,0.7778820218130644,0.6233183856502241,1.0,0.130952380952381,0.25555555555555554,0.0,0.0,0.0,1.0,0.0,1.0,0.0,40.54
500,0.875,0.5714285714285714,0.9978165938864629,0.618553132571824,0.7778820218130644,0.6233183856502241,0.6237942122186497,0.5952380952380951,0.5000000000000001,0.5714285714285715,0.0,0.0,1.0,0.0,1.0,0.0,0.0
501,0.75,0.4285714285714285,0.9978165938864629,0.618553132571824,0.7778820218130644,0.6233183856502241,0.6237942122186497,0.5952380952380951,0.5000000000000001,0.5714285714285715,0.0,0.0,1.0,0.0,1.0,0.0,0.0
502,0.375,0.2857142857142857,0.9978165938864629,0.618553132571824,0.7778820218130644,0.6233183856502241,0.594855305466238,0.6428571428571428,0.5000000000000001,0.28571428571428575,0.0,0.0,1.0,0.0,1.0,0.0,0.0
503,0.125,0.2857142857142857,0.962882096069869,0.47421253028729665,0.7988741644189047,0.8789237668161434,0.8681672025723475,0.17857142857142855,0.5000000000000001,0.0,0.0,0.0,1.0,0.0,1.0,0.0,1.95
504,0.375,0.14285714285714285,0.962882096069869,0.47421253028729665,0.7988741644189047,0.8789237668161434,0.8585209003215435,0.16666666666666669,0.5000000000000001,0.0,0.0,0.0,1.0,0.0,1.0,0.0,49.59
505,0.0,0.0,0.8864628820960698,0.5565939771547247,0.8637269848715844,0.4349775784753363,0.7877813504823152,0.23809523809523808,0.15555555555555553,0.0,0.0,0.0,1.0,0.0,1.0,0.0,5.8
506,0.0,0.0,0.8864628820960698,0.5694011768778123,0.8733434971267738,0.3004484304932735,0.5241157556270097,0.6904761904761905,0.9,0.0,0.0,0.0,1.0,0.0,1.0,0.0,0.0
507,0.125,0.2857142857142857,0.8864628820960698,0.5694011768778123,0.8733434971267738,0.3004484304932735,0.762057877813505,0.30952380952380953,0.3555555555555555,0.0,0.0,0.0,1.0,0.0,1.0,0.0,0.0
508,0.0,0.0,0.8864628820960698,0.5694011768778123,0.8733434971267738,0.3004484304932735,0.762057877813505,0.30952380952380953,0.3555555555555555,0.0,0.0,0.0,1.0,0.0,1.0,0.0,0.0
509,0.5,0.2857142857142857,0.8864628820960698,0.5694011768778123,0.8733434971267738,0.3004484304932735,0.6077170418006432,0.6666666666666667,0.7999999999999999,1.0,0.0,0.0,1.0,0.0,1.0,0.0,2.17
510,0.625,0.4285714285714285,0.8864628820960698,0.5694011768778123,0.8733434971267738,0.3004484304932735,0.5144694533762058,0.5595238095238095,0.5555555555555556,0.0,0.0,0.0,1.0,0.0,1.0,0.0,0.43
511,0.875,0.5714285714285714,0.6812227074235806,0.18795430944963654,0.7713146475900082,0.06726457399103139,0.8231511254019295,0.23809523809523808,0.25555555555555554,0.0,0.0,0.0,1.0,0.0,0.0,1.0,0.0
512,0.375,0.14285714285714285,0.6812227074235806,0.18795430944963654,0.7713146475900082,0.06726457399103139,0.8231511254019295,0.20238095238095238,0.25555555555555554,0.0,0.0,0.0,1.0,0.0,0.0,1.0,6.44
513,0.125,0.2857142857142857,0.6812227074235806,0.18795430944963654,0.7713146475900082,0.06726457399103139,0.6334405144694535,0.6666666666666667,0.6,0.0,0.0,0.0,1.0,0.0,0.0,1.0,54.29
514,0.75,0.2857142857142857,0.6812227074235806,0.18795430944963654,0.7713146475900082,0.06726457399103139,0.6109324758842445,0.6547619047619047,0.7000000000000001,0.0,0.0,0.0,1.0,0.0,0.0,1.0,11.16
515,0.0,0.2857142857142857,0.9606986899563319,0.4970578054690204,0.7116219068840156,0.48878923766816146,0.7524115755627012,0.32142857142857145,0.39999999999999997,0.0,0.0,0.0,1.0,0.0,0.0,1.0,0.0
516,0.625,0.14285714285714285,0.6353711790393013,0.0020768431983385263,0.11586724522106252,0.03139013452914799,0.30868167202572355,0.19047619047619047,0.45555555555555555,0.0,1.0,0.0,0.0,0.0,1.0,0.0,0.0
